,,
FOLDER NAME,LOOK,
S126-8835 KCS018 000102 IVORY_FINAL_hero_image_,74,74
S126-8835 KCS018 000102 IVORY_FINAL_model_image_1,74,74
S126-8835 KCS018 000102 IVORY_FINAL_model_image_2,74,74
S126-8835 KCS018 000102 IVORY_FINAL_model_image_3,74,74
S126-8835 KCS018 000102 IVORY_FINAL_model_image_4,74,74
S126-8832 KWS054 000398 DESERT SAGE_FINAL_hero_image_,75,75
S126-8832 KWS054 000398 DESERT SAGE_FINAL_model_image_1,75,75
S126-8832 KWS054 000398 DESERT SAGE_FINAL_model_image_2,75,75
S126-8832 KWS054 000398 DESERT SAGE_FINAL_model_image_3,75,75
S126-8832 KWS054 000398 DESERT SAGE_FINAL_model_image_4,75,75
S126-2021 LLS002 000267 TOBACCO_FINAL_hero_image_,76,76
S126-2021 LLS002 000267 TOBACCO_FINAL_model_image_1,76,76
S126-2021 LLS002 000267 TOBACCO_FINAL_model_image_2,76,76
S126-2021 LLS002 000267 TOBACCO_FINAL_model_image_3,76,76
S126-2021 LLS002 000267 TOBACCO_FINAL_model_image_4,76,76
S126-1008 AWM040 000182 TAHINI MELANGE_FINAL_hero_image_,77,77
S126-1008 AWM040 000182 TAHINI MELANGE_FINAL_model_image_1,77,77
S126-1008 AWM040 000182 TAHINI MELANGE_FINAL_model_image_2,77,77
S126-1008 AWM040 000182 TAHINI MELANGE_FINAL_model_image_3,77,77
S126-1008 AWM040 000182 TAHINI MELANGE_FINAL_model_image_4,77,77
S126-7153 LLE045 000978 BLACK STUD,77,77
S126-6001 AWS028 000001 BLACK_FINAL_hero_image_,78,78
S126-6001 AWS028 000001 BLACK_FINAL_model_image_1,78,78
S126-6001 AWS028 000001 BLACK_FINAL_model_image_2,78,78
S126-6001 AWS028 000001 BLACK_FINAL_model_image_3,78,78
S126-6001 AWS028 000001 BLACK_FINAL_model_image_4,78,78
S126-8816 KWS090 000236 CAMEL_FINAL_hero_image_,78,78
S126-8816 KWS090 000236 CAMEL_FINAL_model_image_1,78,78
S126-8816 KWS090 000236 CAMEL_FINAL_model_image_2,78,78
S126-8816 KWS090 000236 CAMEL_FINAL_model_image_3,78,78
S126-8816 KWS090 000236 CAMEL_FINAL_model_image_4,78,78
S126-8102 KWS089 000406 BERRY BLUE_FINAL_hero_image_,79,79
S126-8102 KWS089 000406 BERRY BLUE_FINAL_model_image_1,79,79
S126-8102 KWS089 000406 BERRY BLUE_FINAL_model_image_2,79,79
S126-8102 KWS089 000406 BERRY BLUE_FINAL_model_image_3,79,79
S126-8102 KWS089 000406 BERRY BLUE_FINAL_model_image_4,79,79
S126-8816 KWS090 000406 BERRY BLUE_FINAL_hero_image_,80,80
S126-8816 KWS090 000406 BERRY BLUE_FINAL_model_image_1,80,80
S126-8816 KWS090 000406 BERRY BLUE_FINAL_model_image_2,80,80
S126-8816 KWS090 000406 BERRY BLUE_FINAL_model_image_3,80,80
S126-8816 KWS090 000406 BERRY BLUE_FINAL_model_image_4,80,80
S126-8833 KCS042 351406 BERRY BLUE_FINAL_hero_image_,81,81
S126-8833 KCS042 351406 BERRY BLUE_FINAL_model_image_1,81,81
S126-8833 KCS042 351406 BERRY BLUE_FINAL_model_image_2,81,81
S126-8833 KCS042 351406 BERRY BLUE_FINAL_model_image_3,81,81
S126-8833 KCS042 351406 BERRY BLUE_FINAL_model_image_4,81,81
S126-8813 KWM014 000406 BERRY BLUE MEL_FINAL_hero_image_,82,82
S126-8813 KWM014 000406 BERRY BLUE MEL_FINAL_model_image_1,82,82
S126-8813 KWM014 000406 BERRY BLUE MEL_FINAL_model_image_2,82,82
S126-8813 KWM014 000406 BERRY BLUE MEL_FINAL_model_image_3,82,82
S126-8813 KWM014 000406 BERRY BLUE MEL_FINAL_model_image_4,82,82
S126-8817 KWS059 419406 BERRY BLUE_FINAL_hero_image_,83,83
S126-8817 KWS059 419406 BERRY BLUE_FINAL_model_image_1,83,83
S126-8817 KWS059 419406 BERRY BLUE_FINAL_model_image_2,83,83
S126-8817 KWS059 419406 BERRY BLUE_FINAL_model_image_3,83,83
S126-8817 KWS059 419406 BERRY BLUE_FINAL_model_image_4,83,83
S126-8835 KCS018 000406 BERRY BLUE_FINAL_hero_image_,84,84
S126-8835 KCS018 000406 BERRY BLUE_FINAL_model_image_1,84,84
S126-8835 KCS018 000406 BERRY BLUE_FINAL_model_image_2,84,84
S126-8835 KCS018 000406 BERRY BLUE_FINAL_model_image_3,84,84
S126-8835 KCS018 000406 BERRY BLUE_FINAL_model_image_4,84,84
S126-8810 KKS818 000454 ASH BLUE_FINAL_hero_image_,85,85
S126-8810 KKS818 000454 ASH BLUE_FINAL_model_image_1,85,85
S126-8810 KKS818 000454 ASH BLUE_FINAL_model_image_2,85,85
S126-8810 KKS818 000454 ASH BLUE_FINAL_model_image_3,85,85
S126-8810 KKS818 000454 ASH BLUE_FINAL_model_image_4,85,85
S126-8832 KWS054 000001 BLACK_FINAL_hero_image_,86,86
S126-8832 KWS054 000001 BLACK_FINAL_model_image_1,86,86
S126-8832 KWS054 000001 BLACK_FINAL_model_image_2,86,86
S126-8832 KWS054 000001 BLACK_FINAL_model_image_3,86,86
S126-8832 KWS054 000001 BLACK_FINAL_model_image_4,86,86
S126-7167 LLC053 000001 BLACK PATENT CROC,86,86
S126-8826 KYS071 000001 BLACK_FINAL_hero_image_,87,87
S126-8826 KYS071 000001 BLACK_FINAL_model_image_1,87,87
S126-8826 KYS071 000001 BLACK_FINAL_model_image_2,87,87
S126-8826 KYS071 000001 BLACK_FINAL_model_image_3,87,87
S126-8826 KYS071 000001 BLACK_FINAL_model_image_4,87,87
S126-8825 KYS071 000563 MAROON_FINAL_hero_image_,88,88
S126-8825 KYS071 000563 MAROON_FINAL_model_image_1,88,88
S126-8825 KYS071 000563 MAROON_FINAL_model_image_2,88,88
S126-8825 KYS071 000563 MAROON_FINAL_model_image_3,88,88
S126-8825 KYS071 000563 MAROON_FINAL_model_image_4,88,88
S126-8806 KWS083 000008 JET MELANGE_FINAL_hero_image_,89,89
S126-8806 KWS083 000008 JET MELANGE_FINAL_model_image_1,89,89
S126-8806 KWS083 000008 JET MELANGE_FINAL_model_image_2,89,89
S126-8806 KWS083 000008 JET MELANGE_FINAL_model_image_3,89,89
S126-8806 KWS083 000008 JET MELANGE_FINAL_model_image_4,89,89
S126-7166 ELP013 000907 PYTHON,89,89
S126-7167 LLE053 380001 BLACK/CRYSTAL,90,90
S126-8825 KYS071 000001 BLACK_FINAL_hero_image_,90,90
S126-8825 KYS071 000001 BLACK_FINAL_model_image_1,90,90
S126-8825 KYS071 000001 BLACK_FINAL_model_image_2,90,90
S126-8825 KYS071 000001 BLACK_FINAL_model_image_3,90,90
S126-8825 KYS071 000001 BLACK_FINAL_model_image_4,90,90
S126-8826 KYS071 000563 MAROON_FINAL_hero_image_,91,91
S126-8826 KYS071 000563 MAROON_FINAL_model_image_1,91,91
S126-8826 KYS071 000563 MAROON_FINAL_model_image_2,91,91
S126-8826 KYS071 000563 MAROON_FINAL_model_image_3,91,91
S126-8826 KYS071 000563 MAROON_FINAL_model_image_4,91,91
S126-2003 AWS680 000563 MAROON_FINAL_hero_image_,92,92
S126-2003 AWS680 000563 MAROON_FINAL_model_image_1,92,92
S126-2003 AWS680 000563 MAROON_FINAL_model_image_2,92,92
S126-2003 AWS680 000563 MAROON_FINAL_model_image_3,92,92
S126-2003 AWS680 000563 MAROON_FINAL_model_image_4,92,92
S126-6022 AWS680 000563 MAROON_FINAL_hero_image_,93,93
S126-6022 AWS680 000563 MAROON_FINAL_model_image_1,93,93
S126-6022 AWS680 000563 MAROON_FINAL_model_image_2,93,93
S126-6022 AWS680 000563 MAROON_FINAL_model_image_3,93,93
S126-6022 AWS680 000563 MAROON_FINAL_model_image_4,93,93
S126-8810 KKS818 000563 MAROON_FINAL_hero_image_,93,93
S126-8810 KKS818 000563 MAROON_FINAL_model_image_1,93,93
S126-8810 KKS818 000563 MAROON_FINAL_model_image_2,93,93
S126-8810 KKS818 000563 MAROON_FINAL_model_image_3,93,93
S126-8810 KKS818 000563 MAROON_FINAL_model_image_4,93,93
CORE-2003 AWS680 000406 BERRY BLUE_FINAL_hero_image_,94,94
CORE-2003 AWS680 000406 BERRY BLUE_FINAL_model_image_1,94,94
CORE-2003 AWS680 000406 BERRY BLUE_FINAL_model_image_2,94,94
CORE-2003 AWS680 000406 BERRY BLUE_FINAL_model_image_3,94,94
CORE-2003 AWS680 000406 BERRY BLUE_FINAL_model_image_4,94,94
CORE-2003 AYS089 000001 BLACK_FINAL_hero_image_,95,95
CORE-2003 AYS089 000001 BLACK_FINAL_model_image_1,95,95
CORE-2003 AYS089 000001 BLACK_FINAL_model_image_2,95,95
CORE-2003 AYS089 000001 BLACK_FINAL_model_image_3,95,95
CORE-2003 AYS089 000001 BLACK_FINAL_model_image_4,95,95
CORE-2003 AYS089 000100 OPTIC WHITE_FINAL_hero_image_,96,96
CORE-2003 AYS089 000100 OPTIC WHITE_FINAL_model_image_1,96,96
CORE-2003 AYS089 000100 OPTIC WHITE_FINAL_model_image_2,96,96
CORE-2003 AYS089 000100 OPTIC WHITE_FINAL_model_image_3,96,96
CORE-2003 AYS089 000100 OPTIC WHITE_FINAL_model_image_4,96,96
CORE-2005 AWS680 000406 BERRY BLUE_FINAL_hero_image_,97,97
CORE-2005 AWS680 000406 BERRY BLUE_FINAL_model_image_1,97,97
CORE-2005 AWS680 000406 BERRY BLUE_FINAL_model_image_2,97,97
CORE-2005 AWS680 000406 BERRY BLUE_FINAL_model_image_3,97,97
CORE-2005 AWS680 000406 BERRY BLUE_FINAL_model_image_4,97,97
CORE-2005 AYS089 000001 BLACK_FINAL_hero_image_,98,98
CORE-2005 AYS089 000001 BLACK_FINAL_model_image_1,98,98
CORE-2005 AYS089 000001 BLACK_FINAL_model_image_2,98,98
CORE-2005 AYS089 000001 BLACK_FINAL_model_image_3,98,98
CORE-2005 AYS089 000001 BLACK_FINAL_model_image_4,98,98
CORE-2005 AYS089 000100 OPTIC WHITE_FINAL_hero_image_,99,99
CORE-2005 AYS089 000100 OPTIC WHITE_FINAL_model_image_1,99,99
CORE-2005 AYS089 000100 OPTIC WHITE_FINAL_model_image_2,99,99
CORE-2005 AYS089 000100 OPTIC WHITE_FINAL_model_image_3,99,99
CORE-2005 AYS089 000100 OPTIC WHITE_FINAL_model_image_4,99,99
CORE-6014 JYS025 000001 BLACK_FINAL_hero_image_,100,100
CORE-6014 JYS025 000001 BLACK_FINAL_model_image_1,100,100
CORE-6014 JYS025 000001 BLACK_FINAL_model_image_2,100,100
CORE-6014 JYS025 000001 BLACK_FINAL_model_image_3,100,100
CORE-6014 JYS025 000001 BLACK_FINAL_model_image_4,100,100
CORE-6014 JYS025 000406 BERRY BLUE_FINAL_hero_image_,101,101
CORE-6014 JYS025 000406 BERRY BLUE_FINAL_model_image_1,101,101
CORE-6014 JYS025 000406 BERRY BLUE_FINAL_model_image_2,101,101
CORE-6014 JYS025 000406 BERRY BLUE_FINAL_model_image_3,101,101
CORE-6014 JYS025 000406 BERRY BLUE_FINAL_model_image_4,101,101
CORE-6022 JYS025 000001 BLACK_FINAL_hero_image_,102,102
CORE-6022 JYS025 000001 BLACK_FINAL_model_image_1,102,102
CORE-6022 JYS025 000001 BLACK_FINAL_model_image_2,102,102
CORE-6022 JYS025 000001 BLACK_FINAL_model_image_3,102,102
CORE-6022 JYS025 000001 BLACK_FINAL_model_image_4,102,102
S226-3007 BYS084 000102 IVORY_FINAL_hero_image_,103,103
S226-3007 BYS084 000102 IVORY_FINAL_model_image_1,103,103
S226-3007 BYS084 000102 IVORY_FINAL_model_image_2,103,103
S226-3007 BYS084 000102 IVORY_FINAL_model_image_3,103,103
S226-3007 BYS084 000102 IVORY_FINAL_model_image_4,103,103
S226-3030 BSP024 413067 STORM TULIP_FINAL_hero_image_,104,104
S226-3030 BSP024 413067 STORM TULIP_FINAL_model_image_1,104,104
S226-3030 BSP024 413067 STORM TULIP_FINAL_model_image_2,104,104
S226-3030 BSP024 413067 STORM TULIP_FINAL_model_image_3,104,104
S226-3030 BSP024 413067 STORM TULIP_FINAL_model_image_4,104,104
S226-3034 BSP024 415067 STORM PETALS_FINAL_hero_image_,105,105
S226-3034 BSP024 415067 STORM PETALS_FINAL_model_image_1,105,105
S226-3034 BSP024 415067 STORM PETALS_FINAL_model_image_2,105,105
S226-3034 BSP024 415067 STORM PETALS_FINAL_model_image_3,105,105
S226-3034 BSP024 415067 STORM PETALS_FINAL_model_image_4,105,105
S226-3024 SCP015 416689 PALE BLUSH PETALS_FINAL_hero_image_,106,106
S226-3024 SCP015 416689 PALE BLUSH PETALS_FINAL_model_image_1,106,106
S226-3024 SCP015 416689 PALE BLUSH PETALS_FINAL_model_image_2,106,106
S226-3024 SCP015 416689 PALE BLUSH PETALS_FINAL_model_image_3,106,106
S226-3024 SCP015 416689 PALE BLUSH PETALS_FINAL_model_image_4,106,106
S226-3010 BSP032 414001 BLACK LILY_FINAL_hero_image_,107,107
S226-3010 BSP032 414001 BLACK LILY_FINAL_model_image_1,107,107
S226-3010 BSP032 414001 BLACK LILY_FINAL_model_image_2,107,107
S226-3010 BSP032 414001 BLACK LILY_FINAL_model_image_3,107,107
S226-3010 BSP032 414001 BLACK LILY_FINAL_model_image_4,107,107
S226-3019 BSP024 416563 MAROON ALLOVER PETALS_FINAL_hero_image_,108,108
S226-3019 BSP024 416563 MAROON ALLOVER PETALS_FINAL_model_image_1,108,108
S226-3019 BSP024 416563 MAROON ALLOVER PETALS_FINAL_model_image_2,108,108
S226-3019 BSP024 416563 MAROON ALLOVER PETALS_FINAL_model_image_3,108,108
S226-3019 BSP024 416563 MAROON ALLOVER PETALS_FINAL_model_image_4,108,108
S226-3001 SCP015 416102 IVORY ALLOVER PETALS_FINAL_hero_image_,109,109
S226-3001 SCP015 416102 IVORY ALLOVER PETALS_FINAL_model_image_1,109,109
S226-3001 SCP015 416102 IVORY ALLOVER PETALS_FINAL_model_image_2,109,109
S226-3001 SCP015 416102 IVORY ALLOVER PETALS_FINAL_model_image_3,109,109
S226-3001 SCP015 416102 IVORY ALLOVER PETALS_FINAL_model_image_4,109,109
S226-7154 STS002 000171 MACADEMIA,109,109
S226-3035 BSP024 416067 STORM ALLOVER PETALS_FINAL_hero_image_,110,110
S226-3035 BSP024 416067 STORM ALLOVER PETALS_FINAL_model_image_1,110,110
S226-3035 BSP024 416067 STORM ALLOVER PETALS_FINAL_model_image_2,110,110
S226-3035 BSP024 416067 STORM ALLOVER PETALS_FINAL_model_image_3,110,110
S226-3035 BSP024 416067 STORM ALLOVER PETALS_FINAL_model_image_4,110,110
S226-7165 STS002 000414 DANUBE,110,110
S226-8322 KYS078 000001 BLACK_FINAL_hero_image_,111,111
S226-8322 KYS078 000001 BLACK_FINAL_model_image_1,111,111
S226-8322 KYS078 000001 BLACK_FINAL_model_image_2,111,111
S226-8322 KYS078 000001 BLACK_FINAL_model_image_3,111,111
S226-8322 KYS078 000001 BLACK_FINAL_model_image_4,111,111
S226-8307 KYS081 000649 HOLLY RED_FINAL_hero_image_,112,112
S226-8307 KYS081 000649 HOLLY RED_FINAL_model_image_1,112,112
S226-8307 KYS081 000649 HOLLY RED_FINAL_model_image_2,112,112
S226-8307 KYS081 000649 HOLLY RED_FINAL_model_image_3,112,112
S226-8307 KYS081 000649 HOLLY RED_FINAL_model_image_4,112,112
S226-8307 KYS081 000001 BLACK_FINAL_hero_image_,113,113
S226-8307 KYS081 000001 BLACK_FINAL_model_image_1,113,113
S226-8307 KYS081 000001 BLACK_FINAL_model_image_2,113,113
S226-8307 KYS081 000001 BLACK_FINAL_model_image_3,113,113
S226-8307 KYS081 000001 BLACK_FINAL_model_image_4,113,113
S226-8301 KCS049 000001 BLACK_FINAL_hero_image_,114,114
S226-8301 KCS049 000001 BLACK_FINAL_model_image_1,114,114
S226-8301 KCS049 000001 BLACK_FINAL_model_image_2,114,114
S226-8301 KCS049 000001 BLACK_FINAL_model_image_3,114,114
S226-8301 KCS049 000001 BLACK_FINAL_model_image_4,114,114
S226-7157 STS007 381182 TAHINI/SILVER,114,114
S226-8301 KCS049 000258 TOFFEE_FINAL_hero_image_,115,115
S226-8301 KCS049 000258 TOFFEE_FINAL_model_image_1,115,115
S226-8301 KCS049 000258 TOFFEE_FINAL_model_image_2,115,115
S226-8301 KCS049 000258 TOFFEE_FINAL_model_image_3,115,115
S226-8301 KCS049 000258 TOFFEE_FINAL_model_image_4,115,115
S226-8309 KYS078 000406 BERRY BLUE_FINAL_hero_image_,116,116
S226-8309 KYS078 000406 BERRY BLUE_FINAL_model_image_1,116,116
S226-8309 KYS078 000406 BERRY BLUE_FINAL_model_image_2,116,116
S226-8309 KYS078 000406 BERRY BLUE_FINAL_model_image_3,116,116
S226-8309 KYS078 000406 BERRY BLUE_FINAL_model_image_4,116,116
S226-8309 KYS078 000689 PALE BLUSH_FINAL_hero_image_,117,117
S226-8309 KYS078 000689 PALE BLUSH_FINAL_model_image_1,117,117
S226-8309 KYS078 000689 PALE BLUSH_FINAL_model_image_2,117,117
S226-8309 KYS078 000689 PALE BLUSH_FINAL_model_image_3,117,117
S226-8309 KYS078 000689 PALE BLUSH_FINAL_model_image_4,117,117
S226-7157 STS002 000689 PALE BLUSH,117,117
S226-4013 BSP024 416067 STORM PETALS_FINAL_hero_image_,118,118
S226-4013 BSP024 416067 STORM PETALS_FINAL_model_image_1,118,118
S226-4013 BSP024 416067 STORM PETALS_FINAL_model_image_2,118,118
S226-4013 BSP024 416067 STORM PETALS_FINAL_model_image_3,118,118
S226-4013 BSP024 416067 STORM PETALS_FINAL_model_image_4,118,118
S226-5003 BYP050 416067 STORM PETALS_FINAL_hero_image_,118,118
S226-5003 BYP050 416067 STORM PETALS_FINAL_model_image_1,118,118
S226-5003 BYP050 416067 STORM PETALS_FINAL_model_image_2,118,118
S226-5003 BYP050 416067 STORM PETALS_FINAL_model_image_3,118,118
S226-5003 BYP050 416067 STORM PETALS_FINAL_model_image_4,118,118
S226-3022 AIS005 000400 NAVY_FINAL_hero_image_,119,119
S226-3022 AIS005 000400 NAVY_FINAL_model_image_1,119,119
S226-3022 AIS005 000400 NAVY_FINAL_model_image_2,119,119
S226-3022 AIS005 000400 NAVY_FINAL_model_image_3,119,119
S226-3022 AIS005 000400 NAVY_FINAL_model_image_4,119,119
S226-3008 SCQ015 374484 AZURE STRIPE_FINAL_hero_image_,120,120
S226-3008 SCQ015 374484 AZURE STRIPE_FINAL_model_image_1,120,120
S226-3008 SCQ015 374484 AZURE STRIPE_FINAL_model_image_2,120,120
S226-3008 SCQ015 374484 AZURE STRIPE_FINAL_model_image_3,120,120
S226-3008 SCQ015 374484 AZURE STRIPE_FINAL_model_image_4,120,120
S226-8308 KYS078 000102 IVORY_FINAL_hero_image_,121,121
S226-8308 KYS078 000102 IVORY_FINAL_model_image_1,121,121
S226-8308 KYS078 000102 IVORY_FINAL_model_image_2,121,121
S226-8308 KYS078 000102 IVORY_FINAL_model_image_3,121,121
S226-8308 KYS078 000102 IVORY_FINAL_model_image_4,121,121
S226-4016 SCP015 416102 IVORY ALLOVER PETALS_FINAL_hero_image_,122,122
S226-4016 SCP015 416102 IVORY ALLOVER PETALS_FINAL_model_image_1,122,122
S226-4016 SCP015 416102 IVORY ALLOVER PETALS_FINAL_model_image_2,122,122
S226-4016 SCP015 416102 IVORY ALLOVER PETALS_FINAL_model_image_3,122,122
S226-4016 SCP015 416102 IVORY ALLOVER PETALS_FINAL_model_image_4,122,122
S226-5017 SCP015 416102 IVORY PETALS_FINAL_hero_image_,122,122
S226-5017 SCP015 416102 IVORY PETALS_FINAL_model_image_1,122,122
S226-5017 SCP015 416102 IVORY PETALS_FINAL_model_image_2,122,122
S226-5017 SCP015 416102 IVORY PETALS_FINAL_model_image_3,122,122
S226-5017 SCP015 416102 IVORY PETALS_FINAL_model_image_4,122,122
S226-2005 AIS005 000400 NAVY_FINAL_hero_image_,123,123
S226-2005 AIS005 000400 NAVY_FINAL_model_image_1,123,123
S226-2005 AIS005 000400 NAVY_FINAL_model_image_2,123,123
S226-2005 AIS005 000400 NAVY_FINAL_model_image_3,123,123
S226-2005 AIS005 000400 NAVY_FINAL_model_image_4,123,123
S226-7168 ELP013 000907 PYTHON,123,123
S226-4015 BSP024 416102 IVORY ALLOVER PETALS_FINAL_hero_image_,124,124
S226-4015 BSP024 416102 IVORY ALLOVER PETALS_FINAL_model_image_1,124,124
S226-4015 BSP024 416102 IVORY ALLOVER PETALS_FINAL_model_image_2,124,124
S226-4015 BSP024 416102 IVORY ALLOVER PETALS_FINAL_model_image_3,124,124
S226-4015 BSP024 416102 IVORY ALLOVER PETALS_FINAL_model_image_4,124,124
S226-6022 AIS005 000400 NAVY_FINAL_hero_image_,124,124
S226-6022 AIS005 000400 NAVY_FINAL_model_image_1,124,124
S226-6022 AIS005 000400 NAVY_FINAL_model_image_2,124,124
S226-6022 AIS005 000400 NAVY_FINAL_model_image_3,124,124
S226-6022 AIS005 000400 NAVY_FINAL_model_image_4,124,124
S226-4015 BSS033 000172 TAPIOCA_FINAL_hero_image_,125,125
S226-4015 BSS033 000172 TAPIOCA_FINAL_model_image_1,125,125
S226-4015 BSS033 000172 TAPIOCA_FINAL_model_image_2,125,125
S226-4015 BSS033 000172 TAPIOCA_FINAL_model_image_3,125,125
S226-4015 BSS033 000172 TAPIOCA_FINAL_model_image_4,125,125
S226-6003 AWS016 000182 TAHINI_FINAL_hero_image_,125,125
S226-6003 AWS016 000182 TAHINI_FINAL_model_image_1,125,125
S226-6003 AWS016 000182 TAHINI_FINAL_model_image_2,125,125
S226-6003 AWS016 000182 TAHINI_FINAL_model_image_3,125,125
S226-6003 AWS016 000182 TAHINI_FINAL_model_image_4,125,125
S226-7168 LLS061 000001 BLACK,125,125
S226-8807 KCS049 000001 BLACK_FINAL_hero_image_,126,126
S226-8807 KCS049 000001 BLACK_FINAL_model_image_1,126,126
S226-8807 KCS049 000001 BLACK_FINAL_model_image_2,126,126
S226-8807 KCS049 000001 BLACK_FINAL_model_image_3,126,126
S226-8807 KCS049 000001 BLACK_FINAL_model_image_4,126,126
S226-8808 KCS049 000001 BLACK_FINAL_hero_image_,127,127
S226-8808 KCS049 000001 BLACK_FINAL_model_image_1,127,127
S226-8808 KCS049 000001 BLACK_FINAL_model_image_2,127,127
S226-8808 KCS049 000001 BLACK_FINAL_model_image_3,127,127
S226-8808 KCS049 000001 BLACK_FINAL_model_image_4,127,127
S226-2003 AIQ003 000147 MORTAR MELANGE_FINAL_hero_image_,128,128
S226-2003 AIQ003 000147 MORTAR MELANGE_FINAL_model_image_1,128,128
S226-2003 AIQ003 000147 MORTAR MELANGE_FINAL_model_image_2,128,128
S226-2003 AIQ003 000147 MORTAR MELANGE_FINAL_model_image_3,128,128
S226-2003 AIQ003 000147 MORTAR MELANGE_FINAL_model_image_4,128,128
S226-6007 AIQ003 000147 MORTAR MELANGE_FINAL_hero_image_,129,129
S226-6007 AIQ003 000147 MORTAR MELANGE_FINAL_model_image_1,129,129
S226-6007 AIQ003 000147 MORTAR MELANGE_FINAL_model_image_2,129,129
S226-6007 AIQ003 000147 MORTAR MELANGE_FINAL_model_image_3,129,129
S226-6007 AIQ003 000147 MORTAR MELANGE_FINAL_model_image_4,129,129
S226-8807 KCS049 000398 DESERT SAGE_FINAL_hero_image_,129,129
S226-8807 KCS049 000398 DESERT SAGE_FINAL_model_image_1,129,129
S226-8807 KCS049 000398 DESERT SAGE_FINAL_model_image_2,129,129
S226-8807 KCS049 000398 DESERT SAGE_FINAL_model_image_3,129,129
S226-8807 KCS049 000398 DESERT SAGE_FINAL_model_image_4,129,129
S226-2017 AWS016 000182 TAHINI_FINAL_hero_image_,130,130
S226-2017 AWS016 000182 TAHINI_FINAL_model_image_1,130,130
S226-2017 AWS016 000182 TAHINI_FINAL_model_image_2,130,130
S226-2017 AWS016 000182 TAHINI_FINAL_model_image_3,130,130
S226-2017 AWS016 000182 TAHINI_FINAL_model_image_4,130,130
S226-8401 KYS078 000001 BLACK_FINAL_hero_image_,131,131
S226-8401 KYS078 000001 BLACK_FINAL_model_image_1,131,131
S226-8401 KYS078 000001 BLACK_FINAL_model_image_2,131,131
S226-8401 KYS078 000001 BLACK_FINAL_model_image_3,131,131
S226-8401 KYS078 000001 BLACK_FINAL_model_image_4,131,131
S226-8808 KCS049 000258 TOFFEE_FINAL_hero_image_,132,132
S226-8808 KCS049 000258 TOFFEE_FINAL_model_image_1,132,132
S226-8808 KCS049 000258 TOFFEE_FINAL_model_image_2,132,132
S226-8808 KCS049 000258 TOFFEE_FINAL_model_image_3,132,132
S226-8808 KCS049 000258 TOFFEE_FINAL_model_image_4,132,132
S226-4010 DCS021 000403 INDIGO_FINAL_hero_image_,133,133
S226-4010 DCS021 000403 INDIGO_FINAL_model_image_1,133,133
S226-4010 DCS021 000403 INDIGO_FINAL_model_image_2,133,133
S226-4010 DCS021 000403 INDIGO_FINAL_model_image_3,133,133
S226-4010 DCS021 000403 INDIGO_FINAL_model_image_4,133,133
S226-7159 STS007 381001 BLACK/SILVER,133,133
S226-6007 AIM001 000479 MIDNIGHT MELANGE_FINAL_hero_image_,134,134
S226-6007 AIM001 000479 MIDNIGHT MELANGE_FINAL_model_image_1,134,134
S226-6007 AIM001 000479 MIDNIGHT MELANGE_FINAL_model_image_2,134,134
S226-6007 AIM001 000479 MIDNIGHT MELANGE_FINAL_model_image_3,134,134
S226-6007 AIM001 000479 MIDNIGHT MELANGE_FINAL_model_image_4,134,134
S226-6014 AWQ015 000182 TAHINI MELANGE_FINAL_hero_image_,135,135
S226-6014 AWQ015 000182 TAHINI MELANGE_FINAL_model_image_1,135,135
S226-6014 AWQ015 000182 TAHINI MELANGE_FINAL_model_image_2,135,135
S226-6014 AWQ015 000182 TAHINI MELANGE_FINAL_model_image_3,135,135
S226-6014 AWQ015 000182 TAHINI MELANGE_FINAL_model_image_4,135,135
S226-2003 AWQ015 000182 TAHINI MELANGE_FINAL_hero_image_,135,135
S226-2003 AWQ015 000182 TAHINI MELANGE_FINAL_model_image_1,135,135
S226-2003 AWQ015 000182 TAHINI MELANGE_FINAL_model_image_2,135,135
S226-2003 AWQ015 000182 TAHINI MELANGE_FINAL_model_image_3,135,135
S226-2003 AWQ015 000182 TAHINI MELANGE_FINAL_model_image_4,135,135
S226-6015 DCS009 000100 OPTIC WHITE_FINAL_hero_image_,136,136
S226-6015 DCS009 000100 OPTIC WHITE_FINAL_model_image_1,136,136
S226-6015 DCS009 000100 OPTIC WHITE_FINAL_model_image_2,136,136
S226-6015 DCS009 000100 OPTIC WHITE_FINAL_model_image_3,136,136
S226-6015 DCS009 000100 OPTIC WHITE_FINAL_model_image_4,136,136
S226-5024 DCS008 000406 BERRY BLUE_FINAL_hero_image_,137,137
S226-5024 DCS008 000406 BERRY BLUE_FINAL_model_image_1,137,137
S226-5024 DCS008 000406 BERRY BLUE_FINAL_model_image_2,137,137
S226-5024 DCS008 000406 BERRY BLUE_FINAL_model_image_3,137,137
S226-5024 DCS008 000406 BERRY BLUE_FINAL_model_image_4,137,137
S226-4004 SCS011 000100 OPTIC WHITE_FINAL_hero_image_,137,137
S226-4004 SCS011 000100 OPTIC WHITE_FINAL_model_image_1,137,137
S226-4004 SCS011 000100 OPTIC WHITE_FINAL_model_image_2,137,137
S226-4004 SCS011 000100 OPTIC WHITE_FINAL_model_image_3,137,137
S226-4004 SCS011 000100 OPTIC WHITE_FINAL_model_image_4,137,137
S126-1001 LLS055 000001 BLACK_FINAL_hero_image_,138,138
S126-1001 LLS055 000001 BLACK_FINAL_model_image_1,138,138
S126-1001 LLS055 000001 BLACK_FINAL_model_image_2,138,138
S126-1001 LLS055 000001 BLACK_FINAL_model_image_3,138,138
S126-1001 LLS055 000001 BLACK_FINAL_model_image_4,138,138
S126-8319 KYS923 000563 MAROON_FINAL_hero_image_,139,139
S126-8319 KYS923 000563 MAROON_FINAL_model_image_1,139,139
S126-8319 KYS923 000563 MAROON_FINAL_model_image_2,139,139
S126-8319 KYS923 000563 MAROON_FINAL_model_image_3,139,139
S126-8319 KYS923 000563 MAROON_FINAL_model_image_4,139,139
