Handle,Title,Body (HTML),Vendor,Product Category,Type,Tags,Published,Option1 Name,Option1 Value,Option1 Linked To,Option2 Name,Option2 Value,Option2 Linked To,Option3 Name,Option3 Value,Option3 Linked To,Variant SKU,Variant Grams,Variant Inventory Tracker,Variant Inventory Policy,Variant Fulfillment Service,Variant Price,Variant Compare At Price,Variant Requires Shipping,Variant Taxable,Unit Price Total Measure,Unit Price Total Measure Unit,Unit Price Base Measure,Unit Price Base Measure Unit,Variant Barcode,Image Src,Image Position,Image Alt Text,Gift Card,SEO Title,SEO Description,Google Shopping / Google Product Category,Google Shopping / Gender,Google Shopping / Age Group,Google Shopping / MPN,Google Shopping / Condition,Google Shopping / Custom Product,Google Shopping / Custom Label 0,Google Shopping / Custom Label 1,Google Shopping / Custom Label 2,Google Shopping / Custom Label 3,Google Shopping / Custom Label 4,Category (product.metafields.altuzarra.category),Color (product.metafields.altuzarra.color),Details (product.metafields.altuzarra.details),Get the look (product.metafields.altuzarra.look_products),Status
lear-sweater-maroon,Lear Sweater,,Altuzarra,Apparel & Accessories > Clothing > Shirts & Tops,KNIT TOP,"DTC BUY, S126, S126 New Additions, S126-8826 KYS071 000563 MAROON, SS26, style_Lear Sweater, color_maroon, collection_ready-to-wear, collection_knitwear, collection_tops, collection_new-arrivals",FALSE,Size,XS,,Color,Maroon,,,,,840483423374,999.9897389,shopify,deny,manual,995,,TRUE,TRUE,,,,,840483423374,https://cdn.shopify.com/s/files/1/0148/9561/2004/files/S126-8826_KYS071_000563_MAROON_FINAL_ghost_0434.jpg,1,,FALSE,Lear Sweater,,Apparel & Accessories > Clothing > Shirts & Tops,female,adult,,NEW,FALSE,KNIT TOP,S126,S126-8826 KYS071 000563 MAROON,,,,purple,- 100% Fibra Poliammidica,,active
lear-sweater-maroon,,,,,,,,,S,,,Maroon,,,,,840483423381,999.9897389,shopify,deny,manual,995,,TRUE,TRUE,,,,,840483423381,https://cdn.shopify.com/s/files/1/0148/9561/2004/files/S126-8826_KYS071_000563_MAROON_FINAL_hero_image__036.jpg,2,,,,,,,,,,,,,,,,,,,,
lear-sweater-maroon,,,,,,,,,M,,,Maroon,,,,,840483423398,999.9897389,shopify,deny,manual,995,,TRUE,TRUE,,,,,840483423398,https://cdn.shopify.com/s/files/1/0148/9561/2004/files/S126-8826_KYS071_000563_MAROON_FINAL_model_image_1_005.jpg,3,,,,,,,,,,,,,,,,,,,,
lear-sweater-maroon,,,,,,,,,L,,,Maroon,,,,,840483423404,999.9897389,shopify,deny,manual,995,,TRUE,TRUE,,,,,840483423404,https://cdn.shopify.com/s/files/1/0148/9561/2004/files/S126-8826_KYS071_000563_MAROON_FINAL_model_image_2_008.jpg,4,,,,,,,,,,,,,,,,,,,,
lear-sweater-maroon,,,,,,,,,XL,,,Maroon,,,,,840483423411,999.9897389,shopify,deny,manual,995,,TRUE,TRUE,,,,,840483423411,https://cdn.shopify.com/s/files/1/0148/9561/2004/files/S126-8826_KYS071_000563_MAROON_FINAL_model_image_3_014.jpg,5,,,,,,,,,,,,,,,,,,,,
lear-sweater-maroon,,,,,,,,,,,,,,,,,,,,,,,,,,,,,,,https://cdn.shopify.com/s/files/1/0148/9561/2004/files/S126-8826_KYS071_000563_MAROON_FINAL_model_image_4_047.jpg,6,,,,,,,,,,,,,,,,,,,,
lear-sweater-black,Lear Sweater,,Altuzarra,Apparel & Accessories > Clothing > Shirts & Tops,KNIT TOP,"DTC BUY, S126, S126 New Additions, S126-8826 KYS071 000001 BLACK, SS26, style_Lear Sweater, color_black, collection_ready-to-wear, collection_knitwear, collection_tops, collection_new-arrivals",FALSE,Size,XS,,Color,Black,,,,,840483423329,999.9897389,shopify,deny,manual,995,,TRUE,TRUE,,,,,840483423329,https://cdn.shopify.com/s/files/1/0148/9561/2004/files/S126-8826_KYS071_000001_BLACK_FINAL_ghost_0443.jpg,1,,FALSE,Lear Sweater,,Apparel & Accessories > Clothing > Shirts & Tops,female,adult,,NEW,FALSE,KNIT TOP,S126,S126-8826 KYS071 000001 BLACK,,,,Black,- 100% Fibra Poliammidica,,active
lear-sweater-black,,,,,,,,,S,,,Black,,,,,840483423336,999.9897389,shopify,deny,manual,995,,TRUE,TRUE,,,,,840483423336,https://cdn.shopify.com/s/files/1/0148/9561/2004/files/S126-8826_KYS071_000001_BLACK_FINAL_hero_image__032.jpg,2,,,,,,,,,,,,,,,,,,,,
lear-sweater-black,,,,,,,,,M,,,Black,,,,,840483423343,999.9897389,shopify,deny,manual,995,,TRUE,TRUE,,,,,840483423343,https://cdn.shopify.com/s/files/1/0148/9561/2004/files/S126-8826_KYS071_000001_BLACK_FINAL_model_image_1_003.jpg,3,,,,,,,,,,,,,,,,,,,,
lear-sweater-black,,,,,,,,,L,,,Black,,,,,840483423350,999.9897389,shopify,deny,manual,995,,TRUE,TRUE,,,,,840483423350,https://cdn.shopify.com/s/files/1/0148/9561/2004/files/S126-8826_KYS071_000001_BLACK_FINAL_model_image_2_010.jpg,4,,,,,,,,,,,,,,,,,,,,
lear-sweater-black,,,,,,,,,XL,,,Black,,,,,840483423367,999.9897389,shopify,deny,manual,995,,TRUE,TRUE,,,,,840483423367,https://cdn.shopify.com/s/files/1/0148/9561/2004/files/S126-8826_KYS071_000001_BLACK_FINAL_model_image_3_013.jpg,5,,,,,,,,,,,,,,,,,,,,
lear-sweater-black,,,,,,,,,,,,,,,,,,,,,,,,,,,,,,,https://cdn.shopify.com/s/files/1/0148/9561/2004/files/S126-8826_KYS071_000001_BLACK_FINAL_model_image_4_024.jpg,6,,,,,,,,,,,,,,,,,,,,
arlie-top-ivory-goose,Arlie Top,,Altuzarra,Apparel & Accessories > Clothing > Shirts & Tops,TOP,"DTC BUY, S126, S126 New Additions, S126-4003 BSP032 371102 IVORY GOOSE, SS26, style_Arlie Top, color_ivory goose, collection_ready-to-wear, collection_tops, collection_new-arrivals",FALSE,Size,34,,Color,Ivory Goose,,,,,840483419902,999.9897389,shopify,deny,manual,1495,,TRUE,TRUE,,,,,840483419902,https://cdn.shopify.com/s/files/1/0148/9561/2004/files/S126-4003_BSP032_371102_IVORY_GOOSE_FINAL_ghost_0476.jpg,1,,FALSE,Arlie Top,,Apparel & Accessories > Clothing > Shirts & Tops,female,adult,,NEW,FALSE,TOP,S126,S126-4003 BSP032 371102 IVORY GOOSE,,,,ivory,- 100% Silk. Made In Italy,,active
arlie-top-ivory-goose,,,,,,,,,36,,,Ivory Goose,,,,,840483419919,999.9897389,shopify,deny,manual,1495,,TRUE,TRUE,,,,,840483419919,https://cdn.shopify.com/s/files/1/0148/9561/2004/files/S126-4003_BSP032_371102_IVORY_GOOSE_FINAL_hero_image__017.jpg,2,,,,,,,,,,,,,,,,,,,,
arlie-top-ivory-goose,,,,,,,,,38,,,Ivory Goose,,,,,840483419926,999.9897389,shopify,deny,manual,1495,,TRUE,TRUE,,,,,840483419926,https://cdn.shopify.com/s/files/1/0148/9561/2004/files/S126-4003_BSP032_371102_IVORY_GOOSE_FINAL_model_image_1_003.jpg,3,,,,,,,,,,,,,,,,,,,,
arlie-top-ivory-goose,,,,,,,,,40,,,Ivory Goose,,,,,840483419933,999.9897389,shopify,deny,manual,1495,,TRUE,TRUE,,,,,840483419933,https://cdn.shopify.com/s/files/1/0148/9561/2004/files/S126-4003_BSP032_371102_IVORY_GOOSE_FINAL_model_image_2_008.jpg,4,,,,,,,,,,,,,,,,,,,,
arlie-top-ivory-goose,,,,,,,,,42,,,Ivory Goose,,,,,840483419940,999.9897389,shopify,deny,manual,1495,,TRUE,TRUE,,,,,840483419940,https://cdn.shopify.com/s/files/1/0148/9561/2004/files/S126-4003_BSP032_371102_IVORY_GOOSE_FINAL_model_image_3_036.jpg,5,,,,,,,,,,,,,,,,,,,,
arlie-top-ivory-goose,,,,,,,,,44,,,Ivory Goose,,,,,840483419957,999.9897389,shopify,deny,manual,1495,,TRUE,TRUE,,,,,840483419957,https://cdn.shopify.com/s/files/1/0148/9561/2004/files/S126-4003_BSP032_371102_IVORY_GOOSE_FINAL_model_image_4_015.jpg,6,,,,,,,,,,,,,,,,,,,,
arlie-top-ivory-goose,,,,,,,,,46,,,Ivory Goose,,,,,840483419964,999.9897389,shopify,deny,manual,1495,,TRUE,TRUE,,,,,840483419964,,,,,,,,,,,,,,,,,,,,,,
ty-sweater-pale-blush,Ty Sweater,"<p>The Ty Sweater is an understated design that can be styled multiple ways. It's spun from a soft wool and alpaca-blend to a close-fitting silhouette that falls to a ribbed hem, then it's finished with a round neckline and half sleeves.</p>",Altuzarra,Apparel & Accessories > Clothing > Shirts & Tops,KNIT TOP,"DTC BUY, S126, S126-8834 KWS068 000689 PALE BLUSH, SS26, style_Ty Sweater, color_pale blush, collection_ready-to-wear, collection_knitwear, collection_tops, collection_new-arrivals",FALSE,Size,XS,,Color,Pale Blush,,,,,840483423923,999.9897389,shopify,deny,manual,495,,TRUE,TRUE,,,,,840483423923,https://cdn.shopify.com/s/files/1/0148/9561/2004/files/S126-8834_KWS068_000689_PALE_BLUSH_FINAL_ghost_00968.jpg,1,,FALSE,Ty Sweater in Pale Blush,"The Ty Sweater is an understated design that can be styled multiple ways. It's spun from a soft wool and alpaca-blend to a close-fitting silhouette that falls to a ribbed hem, then it's finished with a round neckline and half sleeves.",Apparel & Accessories > Clothing > Shirts & Tops,female,adult,,NEW,FALSE,KNIT TOP,S126,S126-8834 KWS068 000689 PALE BLUSH,,,,red,- 50% Extrafine Merino Wool 20% Alpaca 30% Polyamide. Made In Italy,,active
ty-sweater-pale-blush,,,,,,,,,S,,,Pale Blush,,,,,840483423930,999.9897389,shopify,deny,manual,495,,TRUE,TRUE,,,,,840483423930,https://cdn.shopify.com/s/files/1/0148/9561/2004/files/S126-8834_KWS068_000689_PALE_BLUSH_FINAL_hero_image__030.jpg,2,,,,,,,,,,,,,,,,,,,,
ty-sweater-pale-blush,,,,,,,,,M,,,Pale Blush,,,,,840483423947,999.9897389,shopify,deny,manual,495,,TRUE,TRUE,,,,,840483423947,https://cdn.shopify.com/s/files/1/0148/9561/2004/files/S126-8834_KWS068_000689_PALE_BLUSH_FINAL_model_image_2_014.jpg,3,,,,,,,,,,,,,,,,,,,,
ty-sweater-pale-blush,,,,,,,,,L,,,Pale Blush,,,,,840483423954,999.9897389,shopify,deny,manual,495,,TRUE,TRUE,,,,,840483423954,https://cdn.shopify.com/s/files/1/0148/9561/2004/files/S126-8834_KWS068_000689_PALE_BLUSH_FINAL_model_image_3_020.jpg,4,,,,,,,,,,,,,,,,,,,,
ty-sweater-pale-blush,,,,,,,,,XL,,,Pale Blush,,,,,840483423961,999.9897389,shopify,deny,manual,495,,TRUE,TRUE,,,,,840483423961,https://cdn.shopify.com/s/files/1/0148/9561/2004/files/S126-8834_KWS068_000689_PALE_BLUSH_FINAL_model_image_4_024.jpg,5,,,,,,,,,,,,,,,,,,,,
ty-sweater-berry-blue,Ty Sweater,"<p>The Ty Sweater is an understated design that can be styled multiple ways. It's spun from a soft wool and alpaca-blend to a close-fitting silhouette that falls to a ribbed hem, then it's finished with a round neckline and half sleeves.</p>",Altuzarra,Apparel & Accessories > Clothing > Shirts & Tops,KNIT TOP,"DTC BUY, S126, S126-8834 KWS068 000406 BERRY BLUE, SS26, style_Ty Sweater, color_berry blue, collection_ready-to-wear, collection_knitwear, collection_tops, collection_new-arrivals",FALSE,Size,XS,,Color,Berry Blue,,,,,840483423879,999.9897389,shopify,deny,manual,495,,TRUE,TRUE,,,,,840483423879,https://cdn.shopify.com/s/files/1/0148/9561/2004/files/S126-8834_KWS068_000406_BERRY_BLUE_FINAL_ghost_00686.jpg,1,,FALSE,Ty Sweater in Berry Blue,"The Ty Sweater is an understated design that can be styled multiple ways. It's spun from a soft wool and alpaca-blend to a close-fitting silhouette that falls to a ribbed hem, then it's finished with a round neckline and half sleeves.",Apparel & Accessories > Clothing > Shirts & Tops,female,adult,,NEW,FALSE,KNIT TOP,S126,S126-8834 KWS068 000406 BERRY BLUE,,,,navy,- 50% Extrafine Merino Wool 20% Alpaca 30% Polyamide. Made In Italy,,active
ty-sweater-berry-blue,,,,,,,,,S,,,Berry Blue,,,,,840483423886,999.9897389,shopify,deny,manual,495,,TRUE,TRUE,,,,,840483423886,https://cdn.shopify.com/s/files/1/0148/9561/2004/files/S126-8834_KWS068_000406_BERRY_BLUE_FINAL_hero_image__003.jpg,2,,,,,,,,,,,,,,,,,,,,
ty-sweater-berry-blue,,,,,,,,,M,,,Berry Blue,,,,,840483423893,999.9897389,shopify,deny,manual,495,,TRUE,TRUE,,,,,840483423893,https://cdn.shopify.com/s/files/1/0148/9561/2004/files/S126-8834_KWS068_000406_BERRY_BLUE_FINAL_model_image_1_028.jpg,3,,,,,,,,,,,,,,,,,,,,
ty-sweater-berry-blue,,,,,,,,,L,,,Berry Blue,,,,,840483423909,999.9897389,shopify,deny,manual,495,,TRUE,TRUE,,,,,840483423909,https://cdn.shopify.com/s/files/1/0148/9561/2004/files/S126-8834_KWS068_000406_BERRY_BLUE_FINAL_model_image_2_037.jpg,4,,,,,,,,,,,,,,,,,,,,
ty-sweater-berry-blue,,,,,,,,,XL,,,Berry Blue,,,,,840483423916,999.9897389,shopify,deny,manual,495,,TRUE,TRUE,,,,,840483423916,https://cdn.shopify.com/s/files/1/0148/9561/2004/files/S126-8834_KWS068_000406_BERRY_BLUE_FINAL_model_image_3_049.jpg,5,,,,,,,,,,,,,,,,,,,,
ty-sweater-berry-blue,,,,,,,,,,,,,,,,,,,,,,,,,,,,,,,https://cdn.shopify.com/s/files/1/0148/9561/2004/files/S126-8834_KWS068_000406_BERRY_BLUE_FINAL_model_image_4_056.jpg,6,,,,,,,,,,,,,,,,,,,,
marty-sweater-berry-blue,Marty Sweater,"<p>The Marty sweater is designed with a traditional Fair Isle pattern. Knitted from a soft Mako cotton, typically used for its exceptional fineness and silky feel, it's shaped for a looser fit with half balloon sleeves.</p>",Altuzarra,Apparel & Accessories > Clothing > Shirts & Tops,KNIT TOP,"DTC BUY, S126, S126-8833 KCS042 351406 BERRY BLUE, SS26, style_Marty Sweater, color_berry blue, collection_ready-to-wear, collection_knitwear, collection_tops, collection_new-arrivals",FALSE,Size,XS,,Color,Berry Blue,,,,,840483423770,999.9897389,shopify,deny,manual,895,,TRUE,TRUE,,,,,840483423770,https://cdn.shopify.com/s/files/1/0148/9561/2004/files/S126-8833_KCS042_351406_BERRY_BLUE_FINAL_ghost_0123.jpg,1,,FALSE,Marty Sweater in Berry Blue,"The Marty sweater is designed with a traditional Fair Isle pattern. Knitted from a soft Mako cotton, typically used for its exceptional fineness and silky feel, it's shaped for a looser fit with half balloon sleeves.",Apparel & Accessories > Clothing > Shirts & Tops,female,adult,,NEW,FALSE,KNIT TOP,S126,S126-8833 KCS042 351406 BERRY BLUE,,,,navy,- 100% Mercerised Cotton Mako,,active
marty-sweater-berry-blue,,,,,,,,,S,,,Berry Blue,,,,,840483423787,999.9897389,shopify,deny,manual,895,,TRUE,TRUE,,,,,840483423787,https://cdn.shopify.com/s/files/1/0148/9561/2004/files/S126-8833_KCS042_351406_BERRY_BLUE_FINAL_hero_image__027.jpg,2,,,,,,,,,,,,,,,,,,,,
marty-sweater-berry-blue,,,,,,,,,M,,,Berry Blue,,,,,840483423794,999.9897389,shopify,deny,manual,895,,TRUE,TRUE,,,,,840483423794,https://cdn.shopify.com/s/files/1/0148/9561/2004/files/S126-8833_KCS042_351406_BERRY_BLUE_FINAL_model_image_1_004.jpg,3,,,,,,,,,,,,,,,,,,,,
marty-sweater-berry-blue,,,,,,,,,L,,,Berry Blue,,,,,840483423800,999.9897389,shopify,deny,manual,895,,TRUE,TRUE,,,,,840483423800,https://cdn.shopify.com/s/files/1/0148/9561/2004/files/S126-8833_KCS042_351406_BERRY_BLUE_FINAL_model_image_2_007.jpg,4,,,,,,,,,,,,,,,,,,,,
marty-sweater-berry-blue,,,,,,,,,XL,,,Berry Blue,,,,,840483423817,999.9897389,shopify,deny,manual,895,,TRUE,TRUE,,,,,840483423817,https://cdn.shopify.com/s/files/1/0148/9561/2004/files/S126-8833_KCS042_351406_BERRY_BLUE_FINAL_model_image_3_010.jpg,5,,,,,,,,,,,,,,,,,,,,
marty-sweater-berry-blue,,,,,,,,,,,,,,,,,,,,,,,,,,,,,,,https://cdn.shopify.com/s/files/1/0148/9561/2004/files/S126-8833_KCS042_351406_BERRY_BLUE_FINAL_model_image_4_029.jpg,6,,,,,,,,,,,,,,,,,,,,
thea-sweater-pale-blush,Thea Sweater,<p>The Thea Sweater is an effortless wardrobe building block. It's made from a soft merino wool-blend woven with touches of alpaca for a textural finish. Note the ribbed edges and button front fastenings.</p>,Altuzarra,Apparel & Accessories > Clothing > Shirts & Tops,KNIT TOP,"DTC BUY, S126, S126-8830 KWS068 000689 PALE BLUSH, SS26, style_Thea Sweater, color_pale blush, collection_ready-to-wear, collection_knitwear, collection_tops, collection_new-arrivals",FALSE,Size,XS,,Color,Pale Blush,,,,,840483423572,999.9897389,shopify,deny,manual,695,,TRUE,TRUE,,,,,840483423572,https://cdn.shopify.com/s/files/1/0148/9561/2004/files/S126-8830_KWS068_000689_PALE_BLUSH_FINAL_ghost_00855.jpg,1,,FALSE,Thea Sweater in Pale Blush,The Thea Sweater is an effortless wardrobe building block. It's made from a soft merino wool-blend woven with touches of alpaca for a textural finish. Note the ribbed edges and button front fastenings.,Apparel & Accessories > Clothing > Shirts & Tops,female,adult,,NEW,FALSE,KNIT TOP,S126,S126-8830 KWS068 000689 PALE BLUSH,,,,red,- 50% Extrafine Merino Wool 20% Alpaca 30% Polyamide. Made In Italy,,active
thea-sweater-pale-blush,,,,,,,,,S,,,Pale Blush,,,,,840483423589,999.9897389,shopify,deny,manual,695,,TRUE,TRUE,,,,,840483423589,https://cdn.shopify.com/s/files/1/0148/9561/2004/files/S126-8830_KWS068_000689_PALE_BLUSH_FINAL_hero_image__020.jpg,2,,,,,,,,,,,,,,,,,,,,
thea-sweater-pale-blush,,,,,,,,,M,,,Pale Blush,,,,,840483423596,999.9897389,shopify,deny,manual,695,,TRUE,TRUE,,,,,840483423596,https://cdn.shopify.com/s/files/1/0148/9561/2004/files/S126-8830_KWS068_000689_PALE_BLUSH_FINAL_model_image_1_005.jpg,3,,,,,,,,,,,,,,,,,,,,
thea-sweater-pale-blush,,,,,,,,,L,,,Pale Blush,,,,,840483423602,999.9897389,shopify,deny,manual,695,,TRUE,TRUE,,,,,840483423602,https://cdn.shopify.com/s/files/1/0148/9561/2004/files/S126-8830_KWS068_000689_PALE_BLUSH_FINAL_model_image_1_029.jpg,4,,,,,,,,,,,,,,,,,,,,
thea-sweater-pale-blush,,,,,,,,,XL,,,Pale Blush,,,,,840483423619,999.9897389,shopify,deny,manual,695,,TRUE,TRUE,,,,,840483423619,https://cdn.shopify.com/s/files/1/0148/9561/2004/files/S126-8830_KWS068_000689_PALE_BLUSH_FINAL_model_image_2_034.jpg,5,,,,,,,,,,,,,,,,,,,,
thea-sweater-pale-blush,,,,,,,,,,,,,,,,,,,,,,,,,,,,,,,https://cdn.shopify.com/s/files/1/0148/9561/2004/files/S126-8830_KWS068_000689_PALE_BLUSH_FINAL_model_image_3_039.jpg,6,,,,,,,,,,,,,,,,,,,,
thea-sweater-pale-blush,,,,,,,,,,,,,,,,,,,,,,,,,,,,,,,https://cdn.shopify.com/s/files/1/0148/9561/2004/files/S126-8830_KWS068_000689_PALE_BLUSH_FINAL_model_image_4_044.jpg,7,,,,,,,,,,,,,,,,,,,,
thea-sweater-berry-blue,Thea Sweater,<p>The Thea Sweater is an effortless wardrobe building block. It's made from a soft merino wool-blend woven with touches of alpaca for a textural finish. Note the ribbed edges and button front fastenings.</p>,Altuzarra,Apparel & Accessories > Clothing > Shirts & Tops,KNIT TOP,"DTC BUY, S126, S126-8830 KWS068 000406 BERRY BLUE, SS26, style_Thea Sweater, color_berry blue, collection_ready-to-wear, collection_knitwear, collection_tops, collection_new-arrivals",FALSE,Size,XS,,Color,Berry Blue,,,,,840483423527,999.9897389,shopify,deny,manual,695,,TRUE,TRUE,,,,,840483423527,https://cdn.shopify.com/s/files/1/0148/9561/2004/files/S126-8830_KWS068_000406_BERRY_BLUE_FINAL_ghost_00758.jpg,1,,FALSE,Thea Sweater in Berry Blue,The Thea Sweater is an effortless wardrobe building block. It's made from a soft merino wool-blend woven with touches of alpaca for a textural finish. Note the ribbed edges and button front fastenings.,Apparel & Accessories > Clothing > Shirts & Tops,female,adult,,NEW,FALSE,KNIT TOP,S126,S126-8830 KWS068 000406 BERRY BLUE,,,,navy,- 50% Extrafine Merino Wool 20% Alpaca 30% Polyamide. Made In Italy,,active
thea-sweater-berry-blue,,,,,,,,,S,,,Berry Blue,,,,,840483423534,999.9897389,shopify,deny,manual,695,,TRUE,TRUE,,,,,840483423534,https://cdn.shopify.com/s/files/1/0148/9561/2004/files/S126-8830_KWS068_000406_BERRY_BLUE_FINAL_hero_image__017.jpg,2,,,,,,,,,,,,,,,,,,,,
thea-sweater-berry-blue,,,,,,,,,M,,,Berry Blue,,,,,840483423541,999.9897389,shopify,deny,manual,695,,TRUE,TRUE,,,,,840483423541,https://cdn.shopify.com/s/files/1/0148/9561/2004/files/S126-8830_KWS068_000406_BERRY_BLUE_FINAL_model_image_1_030.jpg,3,,,,,,,,,,,,,,,,,,,,
thea-sweater-berry-blue,,,,,,,,,L,,,Berry Blue,,,,,840483423558,999.9897389,shopify,deny,manual,695,,TRUE,TRUE,,,,,840483423558,https://cdn.shopify.com/s/files/1/0148/9561/2004/files/S126-8830_KWS068_000406_BERRY_BLUE_FINAL_model_image_2_035.jpg,4,,,,,,,,,,,,,,,,,,,,
thea-sweater-berry-blue,,,,,,,,,XL,,,Berry Blue,,,,,840483423565,999.9897389,shopify,deny,manual,695,,TRUE,TRUE,,,,,840483423565,https://cdn.shopify.com/s/files/1/0148/9561/2004/files/S126-8830_KWS068_000406_BERRY_BLUE_FINAL_model_image_3_042.jpg,5,,,,,,,,,,,,,,,,,,,,
thea-sweater-berry-blue,,,,,,,,,,,,,,,,,,,,,,,,,,,,,,,https://cdn.shopify.com/s/files/1/0148/9561/2004/files/S126-8830_KWS068_000406_BERRY_BLUE_FINAL_model_image_4_049.jpg,6,,,,,,,,,,,,,,,,,,,,
banks-top-ivory,Banks Top,<p>The Banks top perfectly captures the off-kilter aesthetic of Altuzarra's SS26 collection. It's knitted from an extrafine merino blend to a cropped silhouette with voluminous capped sleeves and ribbed trims.</p>,Altuzarra,Apparel & Accessories > Clothing > Shirts & Tops,KNIT TOP,"DTC BUY, S126, S126-8415 KWS083 000102 IVORY, SS26, style_Banks Top, color_ivory, collection_ready-to-wear, collection_knitwear, collection_tops, collection_new-arrivals",FALSE,Size,XS,,Color,Ivory,,,,,840483422377,999.9897389,shopify,deny,manual,595,,TRUE,TRUE,,,,,840483422377,https://cdn.shopify.com/s/files/1/0148/9561/2004/files/S126-8415_KWS083_000102_IVORY_FINAL_ghost_0482.jpg,1,,FALSE,Banks Top in Ivory,The Banks top perfectly captures the off-kilter aesthetic of Altuzarra's SS26 collection. It's knitted from an extrafine merino blend to a cropped silhouette with voluminous capped sleeves and ribbed trims.,Apparel & Accessories > Clothing > Shirts & Tops,female,adult,,NEW,FALSE,KNIT TOP,S126,S126-8415 KWS083 000102 IVORY,,,,ivory,- 78% Extrafine Merino Wool 22% Polyamide. Made In Italy,,active
banks-top-ivory,,,,,,,,,S,,,Ivory,,,,,840483422384,999.9897389,shopify,deny,manual,595,,TRUE,TRUE,,,,,840483422384,https://cdn.shopify.com/s/files/1/0148/9561/2004/files/S126-8415_KWS083_000102_IVORY_FINAL_hero_image__039.jpg,2,,,,,,,,,,,,,,,,,,,,
banks-top-ivory,,,,,,,,,M,,,Ivory,,,,,840483422391,999.9897389,shopify,deny,manual,595,,TRUE,TRUE,,,,,840483422391,https://cdn.shopify.com/s/files/1/0148/9561/2004/files/S126-8415_KWS083_000102_IVORY_FINAL_model_image_1_003.jpg,3,,,,,,,,,,,,,,,,,,,,
banks-top-ivory,,,,,,,,,L,,,Ivory,,,,,840483422407,999.9897389,shopify,deny,manual,595,,TRUE,TRUE,,,,,840483422407,https://cdn.shopify.com/s/files/1/0148/9561/2004/files/S126-8415_KWS083_000102_IVORY_FINAL_model_image_2_009.jpg,4,,,,,,,,,,,,,,,,,,,,
banks-top-ivory,,,,,,,,,XL,,,Ivory,,,,,840483422414,999.9897389,shopify,deny,manual,595,,TRUE,TRUE,,,,,840483422414,https://cdn.shopify.com/s/files/1/0148/9561/2004/files/S126-8415_KWS083_000102_IVORY_FINAL_model_image_3_015.jpg,5,,,,,,,,,,,,,,,,,,,,
banks-top-ivory,,,,,,,,,,,,,,,,,,,,,,,,,,,,,,,https://cdn.shopify.com/s/files/1/0148/9561/2004/files/S126-8415_KWS083_000102_IVORY_FINAL_model_image_4_046.jpg,6,,,,,,,,,,,,,,,,,,,,
banks-top-jet-melange,Banks Top,<p>The Banks top perfectly captures the off-kilter aesthetic of Altuzarra's SS26 collection. It's knitted from an extrafine merino blend to a cropped silhouette with voluminous capped sleeves and ribbed trims.</p>,Altuzarra,Apparel & Accessories > Clothing > Shirts & Tops,KNIT TOP,"DTC BUY, S126, S126-8415 KWS083 000008 JET MELANGE, SS26, style_Banks Top, color_jet melange, collection_ready-to-wear, collection_knitwear, collection_tops, collection_new-arrivals",FALSE,Size,XS,,Color,Jet Melange,,,,,840483422322,999.9897389,shopify,deny,manual,595,,TRUE,TRUE,,,,,840483422322,https://cdn.shopify.com/s/files/1/0148/9561/2004/files/S126-8415_KWS083_000008_JET_MELANGE_FINAL_ghost_0477.jpg,1,,FALSE,Banks Top in Jet Melange,The Banks top perfectly captures the off-kilter aesthetic of Altuzarra's SS26 collection. It's knitted from an extrafine merino blend to a cropped silhouette with voluminous capped sleeves and ribbed trims.,Apparel & Accessories > Clothing > Shirts & Tops,female,adult,,NEW,FALSE,KNIT TOP,S126,S126-8415 KWS083 000008 JET MELANGE,,,,black,- 78% Extrafine Merino Wool 22% Polyamide. Made In Italy,,active
banks-top-jet-melange,,,,,,,,,S,,,Jet Melange,,,,,840483422339,999.9897389,shopify,deny,manual,595,,TRUE,TRUE,,,,,840483422339,https://cdn.shopify.com/s/files/1/0148/9561/2004/files/S126-8415_KWS083_000008_JET_MELANGE_FINAL_hero_image__036.jpg,2,,,,,,,,,,,,,,,,,,,,
banks-top-jet-melange,,,,,,,,,M,,,Jet Melange,,,,,840483422346,999.9897389,shopify,deny,manual,595,,TRUE,TRUE,,,,,840483422346,https://cdn.shopify.com/s/files/1/0148/9561/2004/files/S126-8415_KWS083_000008_JET_MELANGE_FINAL_model_image_1_002.jpg,3,,,,,,,,,,,,,,,,,,,,
banks-top-jet-melange,,,,,,,,,L,,,Jet Melange,,,,,840483422353,999.9897389,shopify,deny,manual,595,,TRUE,TRUE,,,,,840483422353,https://cdn.shopify.com/s/files/1/0148/9561/2004/files/S126-8415_KWS083_000008_JET_MELANGE_FINAL_model_image_2_007.jpg,4,,,,,,,,,,,,,,,,,,,,
banks-top-jet-melange,,,,,,,,,XL,,,Jet Melange,,,,,840483422360,999.9897389,shopify,deny,manual,595,,TRUE,TRUE,,,,,840483422360,https://cdn.shopify.com/s/files/1/0148/9561/2004/files/S126-8415_KWS083_000008_JET_MELANGE_FINAL_model_image_3_008.jpg,5,,,,,,,,,,,,,,,,,,,,
banks-top-jet-melange,,,,,,,,,,,,,,,,,,,,,,,,,,,,,,,https://cdn.shopify.com/s/files/1/0148/9561/2004/files/S126-8415_KWS083_000008_JET_MELANGE_FINAL_model_image_4_042.jpg,6,,,,,,,,,,,,,,,,,,,,
satterly-top-black,Satterly Top,"<p>The Satterly top embodies the essence of chic, day-to-night dressing. It's cut from exceptionally soft jersey to a slim-fitting silhouette with an elegant one-shoulder that artfully drapes with a transparent finish.</p>",Altuzarra,Apparel & Accessories > Clothing > Shirts & Tops,KNIT TOP,"DTC BUY, S126, S126-8406 KYS080 000001 BLACK, SS26, style_Satterly Top, color_black, collection_ready-to-wear, collection_knitwear, collection_tops, collection_new-arrivals",FALSE,Size,XS,,Color,Black,,,,,840483422278,999.9897389,shopify,deny,manual,695,,TRUE,TRUE,,,,,840483422278,https://cdn.shopify.com/s/files/1/0148/9561/2004/files/S126-8406_KYS080_000001_BLACK_FINAL_ghost_0548.jpg,1,,FALSE,Satterly Top in Black,"The Satterly top embodies the essence of chic, day-to-night dressing. It's cut from exceptionally soft jersey to a slim-fitting silhouette with an elegant one-shoulder that artfully drapes with a transparent finish. ",Apparel & Accessories > Clothing > Shirts & Tops,female,adult,,NEW,FALSE,KNIT TOP,S126,S126-8406 KYS080 000001 BLACK,,,,black,- 65% Viscose 35% Nylon,,active
satterly-top-black,,,,,,,,,S,,,Black,,,,,840483422285,999.9897389,shopify,deny,manual,695,,TRUE,TRUE,,,,,840483422285,https://cdn.shopify.com/s/files/1/0148/9561/2004/files/S126-8406_KYS080_000001_BLACK_FINAL_hero_image__060.jpg,2,,,,,,,,,,,,,,,,,,,,
satterly-top-black,,,,,,,,,M,,,Black,,,,,840483422292,999.9897389,shopify,deny,manual,695,,TRUE,TRUE,,,,,840483422292,https://cdn.shopify.com/s/files/1/0148/9561/2004/files/S126-8406_KYS080_000001_BLACK_FINAL_model_image_1_024.jpg,3,,,,,,,,,,,,,,,,,,,,
satterly-top-black,,,,,,,,,L,,,Black,,,,,840483422308,999.9897389,shopify,deny,manual,695,,TRUE,TRUE,,,,,840483422308,https://cdn.shopify.com/s/files/1/0148/9561/2004/files/S126-8406_KYS080_000001_BLACK_FINAL_model_image_2_030.jpg,4,,,,,,,,,,,,,,,,,,,,
satterly-top-black,,,,,,,,,XL,,,Black,,,,,840483422315,999.9897389,shopify,deny,manual,695,,TRUE,TRUE,,,,,840483422315,https://cdn.shopify.com/s/files/1/0148/9561/2004/files/S126-8406_KYS080_000001_BLACK_FINAL_model_image_3_033.jpg,5,,,,,,,,,,,,,,,,,,,,
satterly-top-black,,,,,,,,,,,,,,,,,,,,,,,,,,,,,,,https://cdn.shopify.com/s/files/1/0148/9561/2004/files/S126-8406_KYS080_000001_BLACK_FINAL_model_image_4_039.jpg,6,,,,,,,,,,,,,,,,,,,,
todd-pant-maroon,Todd Pant,"<p>The Todd pant is a classic tailored style, cut from virgin wool with a hint of stretch. Shaped to a straight leg silhouette with a crisp crease detail, they feature slip side pockets and a zip closure.</p>",Altuzarra,Apparel & Accessories > Clothing > Pants,PANTS,"DTC BUY, S126, S126 New Additions, S126-6022 AWS680 000563 MAROON, SS26, style_Todd Pant, color_maroon, collection_ready-to-wear, collection_pants, collection_new-arrivals",FALSE,Size,34,,Color,Maroon,,,,,840483421516,999.9897389,shopify,deny,manual,895,,TRUE,TRUE,,,,,840483421516,https://cdn.shopify.com/s/files/1/0148/9561/2004/files/S126-6022_AWS680_000563_MAROON_FINAL_ghost_0417.jpg,1,,FALSE,Todd Pant in Maroon,"The Todd pant is a classic tailored style, cut from virgin wool with a hint of stretch. Shaped to a straight leg silhouette with a crisp crease detail, they feature slip side pockets and a zip closure.",Apparel & Accessories > Clothing > Pants,female,adult,,NEW,FALSE,PANTS,S126,S126-6022 AWS680 000563 MAROON,,,,purple,- 98% Virgin Wool 2%Elastane. Made In Italy,,active
todd-pant-maroon,,,,,,,,,36,,,Maroon,,,,,840483421523,999.9897389,shopify,deny,manual,895,,TRUE,TRUE,,,,,840483421523,https://cdn.shopify.com/s/files/1/0148/9561/2004/files/S126-6022_AWS680_000563_MAROON_FINAL_hero_image__039.jpg,2,,,,,,,,,,,,,,,,,,,,
todd-pant-maroon,,,,,,,,,38,,,Maroon,,,,,840483421530,999.9897389,shopify,deny,manual,895,,TRUE,TRUE,,,,,840483421530,https://cdn.shopify.com/s/files/1/0148/9561/2004/files/S126-6022_AWS680_000563_MAROON_FINAL_model_image_1_034.jpg,3,,,,,,,,,,,,,,,,,,,,
todd-pant-maroon,,,,,,,,,40,,,Maroon,,,,,840483421547,999.9897389,shopify,deny,manual,895,,TRUE,TRUE,,,,,840483421547,https://cdn.shopify.com/s/files/1/0148/9561/2004/files/S126-6022_AWS680_000563_MAROON_FINAL_model_image_2_009.jpg,4,,,,,,,,,,,,,,,,,,,,
todd-pant-maroon,,,,,,,,,42,,,Maroon,,,,,840483421554,999.9897389,shopify,deny,manual,895,,TRUE,TRUE,,,,,840483421554,https://cdn.shopify.com/s/files/1/0148/9561/2004/files/S126-6022_AWS680_000563_MAROON_FINAL_model_image_4_053.jpg,5,,,,,,,,,,,,,,,,,,,,
todd-pant-maroon,,,,,,,,,44,,,Maroon,,,,,840483421561,999.9897389,shopify,deny,manual,895,,TRUE,TRUE,,,,,840483421561,,,,,,,,,,,,,,,,,,,,,,
todd-pant-maroon,,,,,,,,,46,,,Maroon,,,,,840483421578,999.9897389,shopify,deny,manual,895,,TRUE,TRUE,,,,,840483421578,,,,,,,,,,,,,,,,,,,,,,
dash-pant-golden-oak,Dash Pant,"<p>The Dash pants highlight Altuzarra's focus on tailoring. They feature a cropped, dramatized barrel leg and are finished with neat pleats.</p>",Altuzarra,Apparel & Accessories > Clothing > Pants,PANTS,"DTC BUY, S126, S126 New Additions, S126-6007 AYS006 000265 GOLDEN OAK, SS26, style_Dash Pant, color_golden oak, collection_ready-to-wear, collection_pants, collection_new-arrivals",FALSE,Size,34,,Color,Golden Oak,,,,,840483421370,999.9897389,shopify,deny,manual,995,,TRUE,TRUE,,,,,840483421370,https://cdn.shopify.com/s/files/1/0148/9561/2004/files/S126-6007_AYS006_000265_GOLDEN_OAK_FINAL_ghost_0174.jpg,1,,FALSE,Dash Pant in Golden Oak,"The Dash pants highlight Altuzarra's focus on tailoring. They feature a cropped, dramatized barrel leg and are finished with neat pleats.",Apparel & Accessories > Clothing > Pants,female,adult,,NEW,FALSE,PANTS,S126,S126-6007 AYS006 000265 GOLDEN OAK,,,,beige,- 86%Viscose 14%Wool. Made In Italy,,active
dash-pant-golden-oak,,,,,,,,,36,,,Golden Oak,,,,,840483421387,999.9897389,shopify,deny,manual,995,,TRUE,TRUE,,,,,840483421387,https://cdn.shopify.com/s/files/1/0148/9561/2004/files/S126-6007_AYS006_000265_GOLDEN_OAK_FINAL_hero_image__024.jpg,2,,,,,,,,,,,,,,,,,,,,
dash-pant-golden-oak,,,,,,,,,38,,,Golden Oak,,,,,840483421394,999.9897389,shopify,deny,manual,995,,TRUE,TRUE,,,,,840483421394,https://cdn.shopify.com/s/files/1/0148/9561/2004/files/S126-6007_AYS006_000265_GOLDEN_OAK_FINAL_model_image_1_004.jpg,3,,,,,,,,,,,,,,,,,,,,
dash-pant-golden-oak,,,,,,,,,40,,,Golden Oak,,,,,840483421400,999.9897389,shopify,deny,manual,995,,TRUE,TRUE,,,,,840483421400,https://cdn.shopify.com/s/files/1/0148/9561/2004/files/S126-6007_AYS006_000265_GOLDEN_OAK_FINAL_model_image_2_006.jpg,4,,,,,,,,,,,,,,,,,,,,
dash-pant-golden-oak,,,,,,,,,42,,,Golden Oak,,,,,840483421417,999.9897389,shopify,deny,manual,995,,TRUE,TRUE,,,,,840483421417,https://cdn.shopify.com/s/files/1/0148/9561/2004/files/S126-6007_AYS006_000265_GOLDEN_OAK_FINAL_model_image_3_009.jpg,5,,,,,,,,,,,,,,,,,,,,
dash-pant-golden-oak,,,,,,,,,44,,,Golden Oak,,,,,840483421424,999.9897389,shopify,deny,manual,995,,TRUE,TRUE,,,,,840483421424,https://cdn.shopify.com/s/files/1/0148/9561/2004/files/S126-6007_AYS006_000265_GOLDEN_OAK_FINAL_model_image_4_020.jpg,6,,,,,,,,,,,,,,,,,,,,
dash-pant-golden-oak,,,,,,,,,46,,,Golden Oak,,,,,840483421431,999.9897389,shopify,deny,manual,995,,TRUE,TRUE,,,,,840483421431,,,,,,,,,,,,,,,,,,,,,,
varda-skirt-maroon,Varda Skirt,<p>The Varda skirt is a signature Altuzarra style made from panels of lambskin leather. The A-line midi shape sits at the natural waistline and fastens at the back via a concealed zip.</p>,Altuzarra,Apparel & Accessories > Clothing > Skirts,SKIRT,"DTC BUY, S126, S126-5023 LLS002 000563 MAROON, SS26, style_Varda Skirt, color_maroon, collection_ready-to-wear, collection_skirts, collection_new-arrivals",FALSE,Size,34,,Color,Maroon,,,,,840483421028,999.9897389,shopify,deny,manual,2195,,TRUE,TRUE,,,,,840483421028,https://cdn.shopify.com/s/files/1/0148/9561/2004/files/S126-5023_LLS002_000563_MAROON_FINAL_ghost_0072.jpg,1,,FALSE,Varda Skirt in Maroon,The Varda skirt is a signature Altuzarra style made from panels of lambskin leather. The A-line midi shape sits at the natural waistline and fastens at the back via a concealed zip.,Apparel & Accessories > Clothing > Skirts,female,adult,,NEW,FALSE,SKIRT,S126,S126-5023 LLS002 000563 MAROON,,,,purple,- 100% Lamb Skin. Made In Turkey,,active
varda-skirt-maroon,,,,,,,,,36,,,Maroon,,,,,840483421035,999.9897389,shopify,deny,manual,2195,,TRUE,TRUE,,,,,840483421035,https://cdn.shopify.com/s/files/1/0148/9561/2004/files/S126-5023_LLS002_000563_MAROON_FINAL_hero_image__002.jpg,2,,,,,,,,,,,,,,,,,,,,
varda-skirt-maroon,,,,,,,,,38,,,Maroon,,,,,840483421042,999.9897389,shopify,deny,manual,2195,,TRUE,TRUE,,,,,840483421042,https://cdn.shopify.com/s/files/1/0148/9561/2004/files/S126-5023_LLS002_000563_MAROON_FINAL_model_image_1_019.jpg,3,,,,,,,,,,,,,,,,,,,,
varda-skirt-maroon,,,,,,,,,40,,,Maroon,,,,,840483421059,999.9897389,shopify,deny,manual,2195,,TRUE,TRUE,,,,,840483421059,https://cdn.shopify.com/s/files/1/0148/9561/2004/files/S126-5023_LLS002_000563_MAROON_FINAL_model_image_2_024.jpg,4,,,,,,,,,,,,,,,,,,,,
varda-skirt-maroon,,,,,,,,,42,,,Maroon,,,,,840483421066,999.9897389,shopify,deny,manual,2195,,TRUE,TRUE,,,,,840483421066,https://cdn.shopify.com/s/files/1/0148/9561/2004/files/S126-5023_LLS002_000563_MAROON_FINAL_model_image_3_035.jpg,5,,,,,,,,,,,,,,,,,,,,
varda-skirt-maroon,,,,,,,,,44,,,Maroon,,,,,840483421073,999.9897389,shopify,deny,manual,2195,,TRUE,TRUE,,,,,840483421073,https://cdn.shopify.com/s/files/1/0148/9561/2004/files/S126-5023_LLS002_000563_MAROON_FINAL_model_image_4_006.jpg,6,,,,,,,,,,,,,,,,,,,,
varda-skirt-maroon,,,,,,,,,46,,,Maroon,,,,,840483421080,999.9897389,shopify,deny,manual,2195,,TRUE,TRUE,,,,,840483421080,,,,,,,,,,,,,,,,,,,,,,
linnie-skirt-macadamia,Linnie Skirt,<p>The Linnie skirt captures the idea of chic holiday dressing. It's fully embellished with glistening sequins and falls to maxi hemline.</p>,Altuzarra,Apparel & Accessories > Clothing > Skirts,SKIRT,"DTC BUY, S126, S126-5017 ZYS008 000171 MACADAMIA, SS26, style_Linnie Skirt, color_macadamia, collection_ready-to-wear, collection_skirts, collection_new-arrivals",FALSE,Size,34,,Color,Macadamia,,,,,840483420885,999.9897389,shopify,deny,manual,1595,,TRUE,TRUE,,,,,840483420885,https://cdn.shopify.com/s/files/1/0148/9561/2004/files/S126-5017_ZYS008_000171_MACADAMIA_FINAL_ghost_0625.jpg,1,,FALSE,Linnie Skirt in Macadamia,The Linnie skirt captures the idea of chic holiday dressing. It's fully embellished with glistening sequins and falls to maxi hemline.,Apparel & Accessories > Clothing > Skirts,female,adult,,NEW,FALSE,SKIRT,S126,S126-5017 ZYS008 000171 MACADAMIA,,,,ivory,- 67%Polyester 23%Polyamide 10%Metallic Fibre. Made In Italy,,active
linnie-skirt-macadamia,,,,,,,,,36,,,Macadamia,,,,,840483420892,999.9897389,shopify,deny,manual,1595,,TRUE,TRUE,,,,,840483420892,https://cdn.shopify.com/s/files/1/0148/9561/2004/files/S126-5017_ZYS008_000171_MACADAMIA_FINAL_hero_image__032.jpg,2,,,,,,,,,,,,,,,,,,,,
linnie-skirt-macadamia,,,,,,,,,38,,,Macadamia,,,,,840483420908,999.9897389,shopify,deny,manual,1595,,TRUE,TRUE,,,,,840483420908,https://cdn.shopify.com/s/files/1/0148/9561/2004/files/S126-5017_ZYS008_000171_MACADAMIA_FINAL_model_image_1_006.jpg,3,,,,,,,,,,,,,,,,,,,,
linnie-skirt-macadamia,,,,,,,,,40,,,Macadamia,,,,,840483420915,999.9897389,shopify,deny,manual,1595,,TRUE,TRUE,,,,,840483420915,https://cdn.shopify.com/s/files/1/0148/9561/2004/files/S126-5017_ZYS008_000171_MACADAMIA_FINAL_model_image_2_011.jpg,4,,,,,,,,,,,,,,,,,,,,
linnie-skirt-macadamia,,,,,,,,,42,,,Macadamia,,,,,840483420922,999.9897389,shopify,deny,manual,1595,,TRUE,TRUE,,,,,840483420922,https://cdn.shopify.com/s/files/1/0148/9561/2004/files/S126-5017_ZYS008_000171_MACADAMIA_FINAL_model_image_3_018.jpg,5,,,,,,,,,,,,,,,,,,,,
linnie-skirt-macadamia,,,,,,,,,44,,,Macadamia,,,,,840483420939,999.9897389,shopify,deny,manual,1595,,TRUE,TRUE,,,,,840483420939,https://cdn.shopify.com/s/files/1/0148/9561/2004/files/S126-5017_ZYS008_000171_MACADAMIA_FINAL_model_image_4_063.jpg,6,,,,,,,,,,,,,,,,,,,,
linnie-skirt-macadamia,,,,,,,,,46,,,Macadamia,,,,,840483420946,999.9897389,shopify,deny,manual,1595,,TRUE,TRUE,,,,,840483420946,,,,,,,,,,,,,,,,,,,,,,
hank-skirt-black,Hank Skirt,<p>The Hank skirt epitomizes chic on-duty dressing. It's shaped from a lambskin leather to a close-fitting midi silhouette. Complete the look with a tucked in top and heels.</p>,Altuzarra,Apparel & Accessories > Clothing > Skirts,SKIRT,"DTC BUY, S126, S126-5016 LLS034 000001 BLACK, SS26, style_Hank Skirt, color_black, collection_ready-to-wear, collection_skirts, collection_new-arrivals",FALSE,Size,34,,Color,Black,,,,,840483420816,999.9897389,shopify,deny,manual,1995,,TRUE,TRUE,,,,,840483420816,https://cdn.shopify.com/s/files/1/0148/9561/2004/files/S126-5016_LLS034_000001_BLACK_FINAL_ghost_0620.jpg,1,,FALSE,Hank Skirt in Black,The Hank skirt epitomizes chic on-duty dressing. It's shaped from a lambskin leather to a close-fitting midi silhouette. Complete the look with a tucked in top and heels.,Apparel & Accessories > Clothing > Skirts,female,adult,,NEW,FALSE,SKIRT,S126,S126-5016 LLS034 000001 BLACK,,,,black,- 100% Lamb Skin. Made In Turkey,,active
hank-skirt-black,,,,,,,,,36,,,Black,,,,,840483420823,999.9897389,shopify,deny,manual,1995,,TRUE,TRUE,,,,,840483420823,https://cdn.shopify.com/s/files/1/0148/9561/2004/files/S126-5016_LLS034_000001_BLACK_FINAL_hero_image__013.jpg,2,,,,,,,,,,,,,,,,,,,,
hank-skirt-black,,,,,,,,,38,,,Black,,,,,840483420830,999.9897389,shopify,deny,manual,1995,,TRUE,TRUE,,,,,840483420830,https://cdn.shopify.com/s/files/1/0148/9561/2004/files/S126-5016_LLS034_000001_BLACK_FINAL_model_image_1_020.jpg,3,,,,,,,,,,,,,,,,,,,,
hank-skirt-black,,,,,,,,,40,,,Black,,,,,840483420847,999.9897389,shopify,deny,manual,1995,,TRUE,TRUE,,,,,840483420847,https://cdn.shopify.com/s/files/1/0148/9561/2004/files/S126-5016_LLS034_000001_BLACK_FINAL_model_image_2_023.jpg,4,,,,,,,,,,,,,,,,,,,,
hank-skirt-black,,,,,,,,,42,,,Black,,,,,840483420854,999.9897389,shopify,deny,manual,1995,,TRUE,TRUE,,,,,840483420854,https://cdn.shopify.com/s/files/1/0148/9561/2004/files/S126-5016_LLS034_000001_BLACK_FINAL_model_image_3_030.jpg,5,,,,,,,,,,,,,,,,,,,,
hank-skirt-black,,,,,,,,,44,,,Black,,,,,840483420861,999.9897389,shopify,deny,manual,1995,,TRUE,TRUE,,,,,840483420861,https://cdn.shopify.com/s/files/1/0148/9561/2004/files/S126-5016_LLS034_000001_BLACK_FINAL_model_image_4_035.jpg,6,,,,,,,,,,,,,,,,,,,,
hank-skirt-black,,,,,,,,,46,,,Black,,,,,840483420878,999.9897389,shopify,deny,manual,1995,,TRUE,TRUE,,,,,840483420878,,,,,,,,,,,,,,,,,,,,,,
varda-skirt-green-lily,Varda Skirt,<p>The Varda skirt is a signature Altuzarra style made from textured panels. The A-line midi shape sits at the natural waistline and fastens at the back via a concealed zip.</p>,Altuzarra,Apparel & Accessories > Clothing > Skirts,SKIRT,"DTC BUY, S126, S126-5013 ACQ011 000397 GREEN LILY, SS26, style_Varda Skirt, color_green lily, collection_ready-to-wear, collection_skirts, collection_new-arrivals",FALSE,Size,34,,Color,Green Lily,,,,,840483420533,999.9897389,shopify,deny,manual,1595,,TRUE,TRUE,,,,,840483420533,https://cdn.shopify.com/s/files/1/0148/9561/2004/files/S126-5013_ACQ011_000397_GREEN_LILY_FINAL_ghost_00897.jpg,1,,FALSE,Varda Skirt in Green Lily,The Varda skirt is a signature Altuzarra style made from textured panels. The A-line midi shape sits at the natural waistline and fastens at the back via a concealed zip.,Apparel & Accessories > Clothing > Skirts,female,adult,,NEW,FALSE,SKIRT,S126,S126-5013 ACQ011 000397 GREEN LILY,,,,green,- 58%Cotton 41%Viscose 1%Polyester. Made In Italy,,active
varda-skirt-green-lily,,,,,,,,,36,,,Green Lily,,,,,840483420540,999.9897389,shopify,deny,manual,1595,,TRUE,TRUE,,,,,840483420540,https://cdn.shopify.com/s/files/1/0148/9561/2004/files/S126-5013_ACQ011_000397_GREEN_LILY_FINAL_hero_image__012.jpg,2,,,,,,,,,,,,,,,,,,,,
varda-skirt-green-lily,,,,,,,,,38,,,Green Lily,,,,,840483420557,999.9897389,shopify,deny,manual,1595,,TRUE,TRUE,,,,,840483420557,https://cdn.shopify.com/s/files/1/0148/9561/2004/files/S126-5013_ACQ011_000397_GREEN_LILY_FINAL_model_image_1_035.jpg,3,,,,,,,,,,,,,,,,,,,,
varda-skirt-green-lily,,,,,,,,,40,,,Green Lily,,,,,840483420564,999.9897389,shopify,deny,manual,1595,,TRUE,TRUE,,,,,840483420564,https://cdn.shopify.com/s/files/1/0148/9561/2004/files/S126-5013_ACQ011_000397_GREEN_LILY_FINAL_model_image_2_036.jpg,4,,,,,,,,,,,,,,,,,,,,
varda-skirt-green-lily,,,,,,,,,42,,,Green Lily,,,,,840483420571,999.9897389,shopify,deny,manual,1595,,TRUE,TRUE,,,,,840483420571,https://cdn.shopify.com/s/files/1/0148/9561/2004/files/S126-5013_ACQ011_000397_GREEN_LILY_FINAL_model_image_3_052.jpg,5,,,,,,,,,,,,,,,,,,,,
varda-skirt-green-lily,,,,,,,,,44,,,Green Lily,,,,,840483420588,999.9897389,shopify,deny,manual,1595,,TRUE,TRUE,,,,,840483420588,,,,,,,,,,,,,,,,,,,,,,
varda-skirt-green-lily,,,,,,,,,46,,,Green Lily,,,,,840483420595,999.9897389,shopify,deny,manual,1595,,TRUE,TRUE,,,,,840483420595,,,,,,,,,,,,,,,,,,,,,,
elton-skirt-black-animal,Elton Skirt,<p>The Elton skirt is imagined in Altuzarra's signature abstract animal print. The effortless silhouette gracefully falls to a maxi hemline. Style yours with a simple tank top to keep the print in focus.</p>,Altuzarra,Apparel & Accessories > Clothing > Skirts,SKIRT,"DTC BUY, S126, S126-5004 BYP058 373001 BLACK ANIMAL, SS26, style_Elton Skirt, color_black animal, collection_ready-to-wear, collection_skirts, collection_new-arrivals",FALSE,Size,34,,Color,Black Animal,,,,,840483420465,999.9897389,shopify,deny,manual,1595,,TRUE,TRUE,,,,,840483420465,https://cdn.shopify.com/s/files/1/0148/9561/2004/files/S126-5004_BYP058_373001_BLACK_ANIMAL_FINAL_ghost_0059.jpg,1,,FALSE,Elton Skirt in Black Animal,The Elton skirt is imagined in Altuzarra's signature abstract animal print. The effortless silhouette gracefully falls to a maxi hemline. Style yours with a simple tank top to keep the print in focus.,Apparel & Accessories > Clothing > Skirts,female,adult,,NEW,FALSE,SKIRT,S126,S126-5004 BYP058 373001 BLACK ANIMAL,,,,black,- 100% Polyester. Made In Italy,,active
elton-skirt-black-animal,,,,,,,,,36,,,Black Animal,,,,,840483420472,999.9897389,shopify,deny,manual,1595,,TRUE,TRUE,,,,,840483420472,https://cdn.shopify.com/s/files/1/0148/9561/2004/files/S126-5004_BYP058_373001_BLACK_ANIMAL_FINAL_hero_image__018.jpg,2,,,,,,,,,,,,,,,,,,,,
elton-skirt-black-animal,,,,,,,,,38,,,Black Animal,,,,,840483420489,999.9897389,shopify,deny,manual,1595,,TRUE,TRUE,,,,,840483420489,https://cdn.shopify.com/s/files/1/0148/9561/2004/files/S126-5004_BYP058_373001_BLACK_ANIMAL_FINAL_model_image_1_026.jpg,3,,,,,,,,,,,,,,,,,,,,
elton-skirt-black-animal,,,,,,,,,40,,,Black Animal,,,,,840483420496,999.9897389,shopify,deny,manual,1595,,TRUE,TRUE,,,,,840483420496,https://cdn.shopify.com/s/files/1/0148/9561/2004/files/S126-5004_BYP058_373001_BLACK_ANIMAL_FINAL_model_image_2_034.jpg,4,,,,,,,,,,,,,,,,,,,,
elton-skirt-black-animal,,,,,,,,,42,,,Black Animal,,,,,840483420502,999.9897389,shopify,deny,manual,1595,,TRUE,TRUE,,,,,840483420502,https://cdn.shopify.com/s/files/1/0148/9561/2004/files/S126-5004_BYP058_373001_BLACK_ANIMAL_FINAL_model_image_3_011.jpg,5,,,,,,,,,,,,,,,,,,,,
elton-skirt-black-animal,,,,,,,,,44,,,Black Animal,,,,,840483420519,999.9897389,shopify,deny,manual,1595,,TRUE,TRUE,,,,,840483420519,https://cdn.shopify.com/s/files/1/0148/9561/2004/files/S126-5004_BYP058_373001_BLACK_ANIMAL_FINAL_model_image_3_041.jpg,6,,,,,,,,,,,,,,,,,,,,
elton-skirt-black-animal,,,,,,,,,46,,,Black Animal,,,,,840483420526,999.9897389,shopify,deny,manual,1595,,TRUE,TRUE,,,,,840483420526,https://cdn.shopify.com/s/files/1/0148/9561/2004/files/S126-5004_BYP058_373001_BLACK_ANIMAL_FINAL_model_image_4_016.jpg,7,,,,,,,,,,,,,,,,,,,,
orrie-dress-green-lily,Orrie Dress,"<p>The Orrie dress showcases Altuzarra's feminine sensibility. Shaped from a cotton blend, it's designed with a fitted bodice that flares out to a voluminous skirt. Note the vintage-inspired buttons, too.</p>",Altuzarra,Apparel & Accessories > Clothing > Dresses,DRESS,"DTC BUY, S126, S126-3022 ACQ011 000397 GREEN LILY, SS26, style_Orrie Dress, color_green lily, collection_ready-to-wear, collection_dresses, collection_new-arrivals",FALSE,Size,34,,Color,Green Lily,,,,,840483419483,999.9897389,shopify,deny,manual,1695,,TRUE,TRUE,,,,,840483419483,https://cdn.shopify.com/s/files/1/0148/9561/2004/files/S126-3022_ACQ011_000397_GREEN_LILY_FINAL_ghost_0530.jpg,1,,FALSE,Orrie Dress in Green Lily,"The Orrie dress showcases Altuzarra's feminine sensibility. Shaped from a cotton blend, it's designed with a fitted bodice that flares out to a voluminous skirt. Note the vintage-inspired buttons, too. ",Apparel & Accessories > Clothing > Dresses,female,adult,,NEW,FALSE,DRESS,S126,S126-3022 ACQ011 000397 GREEN LILY,,,,green,- 58%Cotton 41%Viscose 1%Polyester. Made In Italy,,active
orrie-dress-green-lily,,,,,,,,,36,,,Green Lily,,,,,840483419490,999.9897389,shopify,deny,manual,1695,,TRUE,TRUE,,,,,840483419490,https://cdn.shopify.com/s/files/1/0148/9561/2004/files/S126-3022_ACQ011_000397_GREEN_LILY_FINAL_hero_image__011.jpg,2,,,,,,,,,,,,,,,,,,,,
orrie-dress-green-lily,,,,,,,,,38,,,Green Lily,,,,,840483419506,999.9897389,shopify,deny,manual,1695,,TRUE,TRUE,,,,,840483419506,https://cdn.shopify.com/s/files/1/0148/9561/2004/files/S126-3022_ACQ011_000397_GREEN_LILY_FINAL_model_image_1_038.jpg,3,,,,,,,,,,,,,,,,,,,,
orrie-dress-green-lily,,,,,,,,,40,,,Green Lily,,,,,840483419513,999.9897389,shopify,deny,manual,1695,,TRUE,TRUE,,,,,840483419513,https://cdn.shopify.com/s/files/1/0148/9561/2004/files/S126-3022_ACQ011_000397_GREEN_LILY_FINAL_model_image_2_050.jpg,4,,,,,,,,,,,,,,,,,,,,
orrie-dress-green-lily,,,,,,,,,42,,,Green Lily,,,,,840483419520,999.9897389,shopify,deny,manual,1695,,TRUE,TRUE,,,,,840483419520,https://cdn.shopify.com/s/files/1/0148/9561/2004/files/S126-3022_ACQ011_000397_GREEN_LILY_FINAL_model_image_3_057.jpg,5,,,,,,,,,,,,,,,,,,,,
orrie-dress-green-lily,,,,,,,,,44,,,Green Lily,,,,,840483419537,999.9897389,shopify,deny,manual,1695,,TRUE,TRUE,,,,,840483419537,https://cdn.shopify.com/s/files/1/0148/9561/2004/files/S126-3022_ACQ011_000397_GREEN_LILY_FINAL_model_image_4_069.jpg,6,,,,,,,,,,,,,,,,,,,,
orrie-dress-green-lily,,,,,,,,,46,,,Green Lily,,,,,840483419544,999.9897389,shopify,deny,manual,1695,,TRUE,TRUE,,,,,840483419544,,,,,,,,,,,,,,,,,,,,,,
kiera-dress-ivory-flowers,Kiera Dress,"<p>The Kiera dress is shaped from silk to an airy A-line silhouette. Designed with a small point collar and short sleeves, it's finished with a slim waist belt and a dainty floral print.</p>",Altuzarra,Apparel & Accessories > Clothing > Dresses,DRESS,"DTC BUY, S126, S126-3019 BSP031 416102 IVORY FLOWERS, SS26, style_Kiera Dress, color_ivory flowers, collection_ready-to-wear, collection_dresses, collection_new-arrivals",FALSE,Size,34,,Color,Ivory Flowers,,,,,840483419346,999.9897389,shopify,deny,manual,1995,,TRUE,TRUE,,,,,840483419346,https://cdn.shopify.com/s/files/1/0148/9561/2004/files/S126-3019_BSP031_416102_IVORY_FLOWERS_FINAL_ghost_0543.jpg,1,,FALSE,Kiera Dress in Ivory Flowers,"The Kiera dress is shaped from silk to an airy A-line silhouette. Designed with a small point collar and short sleeves, it's finished with a slim waist belt and a dainty floral print. ",Apparel & Accessories > Clothing > Dresses,female,adult,,NEW,FALSE,DRESS,S126,S126-3019 BSP031 416102 IVORY FLOWERS,,,,ivory,- 100% Silk. Made In Italy,,active
kiera-dress-ivory-flowers,,,,,,,,,36,,,Ivory Flowers,,,,,840483419353,999.9897389,shopify,deny,manual,1995,,TRUE,TRUE,,,,,840483419353,https://cdn.shopify.com/s/files/1/0148/9561/2004/files/S126-3019_BSP031_416102_IVORY_FLOWERS_FINAL_hero_image__016.jpg,2,,,,,,,,,,,,,,,,,,,,
kiera-dress-ivory-flowers,,,,,,,,,38,,,Ivory Flowers,,,,,840483419360,999.9897389,shopify,deny,manual,1995,,TRUE,TRUE,,,,,840483419360,https://cdn.shopify.com/s/files/1/0148/9561/2004/files/S126-3019_BSP031_416102_IVORY_FLOWERS_FINAL_model_image_1_013.jpg,3,,,,,,,,,,,,,,,,,,,,
kiera-dress-ivory-flowers,,,,,,,,,40,,,Ivory Flowers,,,,,840483419377,999.9897389,shopify,deny,manual,1995,,TRUE,TRUE,,,,,840483419377,https://cdn.shopify.com/s/files/1/0148/9561/2004/files/S126-3019_BSP031_416102_IVORY_FLOWERS_FINAL_model_image_2_035.jpg,4,,,,,,,,,,,,,,,,,,,,
kiera-dress-ivory-flowers,,,,,,,,,42,,,Ivory Flowers,,,,,840483419384,999.9897389,shopify,deny,manual,1995,,TRUE,TRUE,,,,,840483419384,https://cdn.shopify.com/s/files/1/0148/9561/2004/files/S126-3019_BSP031_416102_IVORY_FLOWERS_FINAL_model_image_3_038.jpg,5,,,,,,,,,,,,,,,,,,,,
kiera-dress-ivory-flowers,,,,,,,,,44,,,Ivory Flowers,,,,,840483419391,999.9897389,shopify,deny,manual,1995,,TRUE,TRUE,,,,,840483419391,https://cdn.shopify.com/s/files/1/0148/9561/2004/files/S126-3019_BSP031_416102_IVORY_FLOWERS_FINAL_model_image_4_050.jpg,6,,,,,,,,,,,,,,,,,,,,
kiera-dress-ivory-flowers,,,,,,,,,46,,,Ivory Flowers,,,,,840483419407,999.9897389,shopify,deny,manual,1995,,TRUE,TRUE,,,,,840483419407,,,,,,,,,,,,,,,,,,,,,,
jazmina-dress-grenadine,Jazmina Dress,"<p>The Jazmina dress is the definition of sophisticated eveningwear. Shaped from stretch jersey, it features a roll neck, long sleeves, and ruched detailing down the front.</p>",Altuzarra,Apparel & Accessories > Clothing > Dresses,DRESS,"DTC BUY, S126, S126-3018 JYS019 000605 GRENADINE, SS26, style_Jazmina Dress, color_grenadine, collection_ready-to-wear, collection_dresses, collection_new-arrivals",FALSE,Size,34,,Color,Grenadine,,,,,840483419278,999.9897389,shopify,deny,manual,1195,,TRUE,TRUE,,,,,840483419278,https://cdn.shopify.com/s/files/1/0148/9561/2004/files/S126-3018_JYS019_000605_GRENADINE_FINAL_ghost_0198.jpg,1,,FALSE,Jazmina Dress in Grenadine,"The Jazmina dress is the definition of sophisticated eveningwear. Shaped from stretch jersey, it features a roll neck, long sleeves, and ruched detailing down the front. ",Apparel & Accessories > Clothing > Dresses,female,adult,,NEW,FALSE,DRESS,S126,S126-3018 JYS019 000605 GRENADINE,,,,red,- 92% Rec Ycled Polyester 8% Elastane. Made In Portugal,,active
jazmina-dress-grenadine,,,,,,,,,36,,,Grenadine,,,,,840483419285,999.9897389,shopify,deny,manual,1195,,TRUE,TRUE,,,,,840483419285,https://cdn.shopify.com/s/files/1/0148/9561/2004/files/S126-3018_JYS019_000605_GRENADINE_FINAL_hero_image__016.jpg,2,,,,,,,,,,,,,,,,,,,,
jazmina-dress-grenadine,,,,,,,,,38,,,Grenadine,,,,,840483419292,999.9897389,shopify,deny,manual,1195,,TRUE,TRUE,,,,,840483419292,https://cdn.shopify.com/s/files/1/0148/9561/2004/files/S126-3018_JYS019_000605_GRENADINE_FINAL_model_image_1_028.jpg,3,,,,,,,,,,,,,,,,,,,,
jazmina-dress-grenadine,,,,,,,,,40,,,Grenadine,,,,,840483419308,999.9897389,shopify,deny,manual,1195,,TRUE,TRUE,,,,,840483419308,https://cdn.shopify.com/s/files/1/0148/9561/2004/files/S126-3018_JYS019_000605_GRENADINE_FINAL_model_image_2_040.jpg,4,,,,,,,,,,,,,,,,,,,,
jazmina-dress-grenadine,,,,,,,,,42,,,Grenadine,,,,,840483419315,999.9897389,shopify,deny,manual,1195,,TRUE,TRUE,,,,,840483419315,https://cdn.shopify.com/s/files/1/0148/9561/2004/files/S126-3018_JYS019_000605_GRENADINE_FINAL_model_image_3_057.jpg,5,,,,,,,,,,,,,,,,,,,,
jazmina-dress-grenadine,,,,,,,,,44,,,Grenadine,,,,,840483419322,999.9897389,shopify,deny,manual,1195,,TRUE,TRUE,,,,,840483419322,https://cdn.shopify.com/s/files/1/0148/9561/2004/files/S126-3018_JYS019_000605_GRENADINE_FINAL_model_image_4_064.jpg,6,,,,,,,,,,,,,,,,,,,,
jazmina-dress-grenadine,,,,,,,,,46,,,Grenadine,,,,,840483419339,999.9897389,shopify,deny,manual,1195,,TRUE,TRUE,,,,,840483419339,,,,,,,,,,,,,,,,,,,,,,
western-boho-belt-black,Western Boho Belt,"<p>The Western Boho belt offers a modern, streamlined take on vintage styles. It's been made from calf leather with a silver-tone buckle and two studded keepers. The width is perfect for threading through pants or cinching a blazer.</p>",Altuzarra,Apparel & Accessories > Clothing Accessories > Belts,BELT,"collection_accessories, collection_belts, collection_new-arrivals, DTC BUY, S126, S126 New Additions, S126-7695 LLS036 000001 BLACK, SS26, style_Western Boho Belt, color_black",FALSE,Size,S,,Color,Black,,,,,840483415379,454.0006031,shopify,deny,manual,395,,TRUE,TRUE,,,,,840483415379,https://cdn.shopify.com/s/files/1/0148/9561/2004/files/S126-7695_LLS036_000001_BLACK_FINAL_ghost_front_0960.jpg,1,,FALSE,Western Boho Belt in Praline,"The Western Boho belt offers a modern, streamlined take on vintage styles. It's been made from calf leather with a silver-tone buckle and two studded keepers. The width is perfect for threading through pants or cinching a blazer. ",Apparel & Accessories > Clothing Accessories > Belts,female,adult,,NEW,FALSE,BELT,S126,S126-7695 LLS036 000001 BLACK,,,,black,- 100% Calf Leather. Made In Spain,,active
western-boho-belt-black,,,,,,,,,M,,,Black,,,,,840483415386,454.0006031,shopify,deny,manual,395,,TRUE,TRUE,,,,,840483415386,https://cdn.shopify.com/s/files/1/0148/9561/2004/files/S126-7695_LLS036_000001_BLACK_FINAL_ghost_Detail_1463.jpg,2,,,,,,,,,,,,,,,,,,,,
western-boho-belt-black,,,,,,,,,L,,,Black,,,,,840483415393,454.0006031,shopify,deny,manual,395,,TRUE,TRUE,,,,,840483415393,https://cdn.shopify.com/s/files/1/0148/9561/2004/files/S126-7695_LLS036_000001_BLACK_FINAL_model_image_4_0063.jpg,3,,,,,,,,,,,,,,,,,,,,