IMAGE,Season,Product ID,CATEGORY CODE,KNIT CATEGORY CODE,TYPE,SEASON CODE,Style,Fabric,Colour,Description,FABRIC CONTENT,COUNTRY OF ORIGIN,PRODUCT DETAILS,FLAT,ON MODEL,RRP (USD),TOTAL DTC UNITS,FLAT IMAGE UPLOAD,ON MODEL IMAGES UPLOAD,DESCRIPTION (REVIEW),TAGS,SWATCH,SIZE GUIDE,DETAILS,GET THE LOOK IMAGE,GET THE LOOK PRODUCTS
Picture,CORE READY TO WEAR,CORE-2003 AWS680 000406 BERRY BLUE,2,N/A,READY TO WEAR,CORE,2003,AWS680,000406 BERRY BLUE,FENICE JACKET,#N/A,ITALY,,C,reshoot?,1645,15,,,,,,,,,
Picture,CORE READY TO WEAR,CORE-2003 AYS089 000001 BLACK,2,N/A,READY TO WEAR,CORE,2003,AYS089,000001 BLACK,FENICE JACKET,#N/A,ITALY,,0,reshoot?,1545,18,,,,,,,,,
Picture,CORE READY TO WEAR,CORE-2003 AYS089 000100 OPTIC WHITE,2,N/A,READY TO WEAR,CORE,2003,AYS089,000100 OPTIC WHITE,FENICE JACKET,#N/A,ITALY,,0,reshoot?,1545,17,,,,,,,,,
Picture,CORE READY TO WEAR,CORE-2005 AWS680 000406 BERRY BLUE,2,N/A,READY TO WEAR,CORE,2005,AWS680,000406 BERRY BLUE,INDIANA JACKET,#N/A,ITALY,,Y,reshoot?,1745,9,,,,,,,,,
Picture,CORE READY TO WEAR,CORE-2005 AYS089 000001 BLACK,2,N/A,READY TO WEAR,CORE,2005,AYS089,000001 BLACK,INDIANA JACKET,#N/A,ITALY,,0,reshoot?,1645,8,,,,,,,,,
Picture,CORE READY TO WEAR,CORE-2005 AYS089 000100 OPTIC WHITE,2,N/A,READY TO WEAR,CORE,2005,AYS089,000100 OPTIC WHITE,INDIANA JACKET,#N/A,ITALY,,0,reshoot?,1645,7,,,,,,,,,
Picture,CORE READY TO WEAR,CORE-2010 DCS008 000406 BERRY BLUE,2,N/A,READY TO WEAR,CORE,2010,DCS008,000406 BERRY BLUE,BERNADETTE JACKET,#N/A,ITALY,,0,Y,1695,14,,,,,,,,,
Picture,CORE READY TO WEAR,CORE-3001 DCS016 000406 BERRY BLUE,3,N/A,READY TO WEAR,CORE,3001,DCS016,000406 BERRY BLUE,LYDIA DRESS,#N/A,ITALY,,0,reshoot?,1345,15,,,,,,,,,
Picture,CORE READY TO WEAR,CORE-3001 SCS011 000001 BLACK,3,N/A,READY TO WEAR,CORE,3001,SCS011,000001 BLACK,LYDIA DRESS,#N/A,ITALY,,0,reshoot?,1245,6,,,,,,,,,
Picture,CORE READY TO WEAR,CORE-3025 DCS008 000406 BERRY BLUE,3,N/A,READY TO WEAR,CORE,3025,DCS008,000406 BERRY BLUE,KIERAN DRESS,#N/A,ITALY,,C,reshoot?,1345,12,,,,,,,,,
Picture,CORE READY TO WEAR,CORE-3025 DCS010 000100 OPTIC WHITE,3,N/A,READY TO WEAR,CORE,3025,DCS010,000100 OPTIC WHITE,KIERAN DRESS,#N/A,ITALY,,0,reshoot?,1345,14,,,,,,,,,
Picture,CORE READY TO WEAR,CORE-6008 DCS006 000406 BERRY BLUE,6,N/A,READY TO WEAR,CORE,6008,DCS006,000406 BERRY BLUE,SERGE PANT,#N/A,ITALY,,C,reshoot?,745,100,,,,,,,,,
Picture,CORE READY TO WEAR,CORE-6008 DCS009 000100 OPTIC WHITE,6,N/A,READY TO WEAR,CORE,6008,DCS009,000100 OPTIC WHITE,SERGE PANT,#N/A,ITALY,,0,reshoot?,745,100,,,,,,,,,
Picture,CORE READY TO WEAR,CORE-6011 AWS680 000406 BERRY BLUE,6,N/A,READY TO WEAR,CORE,6011,AWS680,000406 BERRY BLUE,SERGE PANT,#N/A,ITALY,,C,reshoot?,845,15,,,,,,,,,
Picture,CORE READY TO WEAR,CORE-6011 AYS089 000001 BLACK,6,N/A,READY TO WEAR,CORE,6011,AYS089,000001 BLACK,SERGE PANT,#N/A,ITALY,,C,reshoot?,745,14,,,,,,,,,
Picture,CORE READY TO WEAR,CORE-6011 AYS089 000100 OPTIC WHITE,6,N/A,READY TO WEAR,CORE,6011,AYS089,000100 OPTIC WHITE,SERGE PANT,#N/A,ITALY,,0,reshoot?,745,12,,,,,,,,,
Picture,CORE READY TO WEAR,CORE-6015 AYS089 000001 BLACK,6,N/A,READY TO WEAR,CORE,6015,AYS089,000001 BLACK,RUDY PANT,#N/A,ITALY,,C,reshoot?,845,8,,,,,,,,,
Picture,CORE READY TO WEAR,CORE-6015 DCS008 000406 BERRY BLUE,6,N/A,READY TO WEAR,CORE,6015,DCS008,000406 BERRY BLUE,RUDY PANT,#N/A,ITALY,,C,reshoot?,795,10,,,,,,,,,
Picture,CORE READY TO WEAR,CORE-6022 AWS680 000406 BERRY BLUE,6,N/A,READY TO WEAR,CORE,6022,AWS680,000406 BERRY BLUE,TODD PANT,#N/A,ITALY,,C,reshoot?,845,10,,,,,,,,,
Picture,CORE READY TO WEAR,CORE-6022 AYS089 000001 BLACK,6,N/A,READY TO WEAR,CORE,6022,AYS089,000001 BLACK,TODD PANT,#N/A,ITALY,,C,reshoot?,745,15,,,,,,,,,
Picture,CORE ACCESSORIES,CORE-7609 CYS001 SG0001 BLACK,76,N/A,ACCESSORIES,CORE,7609,CYS001,SG0001 BLACK,RAFFIA BELT,#N/A,INDIA,,0,reshoot?,395,25,,,,,,,,,
Picture,CORE ACCESSORIES,CORE-7609 CYS001 SG0265 STRAW,76,N/A,ACCESSORIES,CORE,7609,CYS001,SG0265 STRAW,RAFFIA BELT,#N/A,INDIA,,0,reshoot?,395,25,,,,,,,,,
Picture,CORE ACCESSORIES,CORE-7629 LLS028 SG0001 BLACK,76,N/A,ACCESSORIES,CORE,7629,LLS028,SG0001 BLACK,''A'' BELT,#N/A,SPAIN,,0,reshoot?,395,12,,,,,,,,,
Picture,CORE ACCESSORIES,CORE-7629 LLS028 SG0102 IVORY,76,N/A,ACCESSORIES,CORE,7629,LLS028,SG0102 IVORY,''A'' BELT,#N/A,SPAIN,,0,reshoot?,395,6,,,,,,,,,
Picture,CORE ACCESSORIES,CORE-7629 LLS028 SG0210 COGNAC,76,N/A,ACCESSORIES,CORE,7629,LLS028,SG0210 COGNAC,''A'' BELT,#N/A,SPAIN,,0,reshoot?,395,10,,,,,,,,,
Picture,CORE ACCESSORIES,CORE-7649 LLS036 000213 TAUPE,76,N/A,ACCESSORIES,CORE,7649,LLS036,000213 TAUPE,LOOPY BELT,#N/A,SPAIN,,C,reshoot?,695,14,,,,,,,,,
Picture,CORE ACCESSORIES,CORE-7649 LLS036 SG0001 BLACK,76,N/A,ACCESSORIES,CORE,7649,LLS036,SG0001 BLACK,LOOPY BELT,#N/A,SPAIN,,C,reshoot?,695,26,,,,,,,,,
Picture,CORE ACCESSORIES,CORE-7673 LLS036 000001 BLACK,76,N/A,ACCESSORIES,CORE,7673,LLS036,000001 BLACK,HORSEBIT BELT,#N/A,SPAIN,,C,reshoot?,395,13,,,,,,,,,
Picture,CORE ACCESSORIES,CORE-7673 LLS036 000135 ENOKI,76,N/A,ACCESSORIES,CORE,7673,LLS036,000135 ENOKI,HORSEBIT BELT,#N/A,SPAIN,,Y,reshoot?,395,12,,,,,,,,,
Picture,CORE ACCESSORIES,CORE-7673 LLS036 000252 CANYON,76,N/A,ACCESSORIES,CORE,7673,LLS036,000252 CANYON,HORSEBIT BELT,#N/A,SPAIN,,C,reshoot?,395,14,,,,,,,,,
Picture,CORE ACCESSORIES,CORE-7674 LLS036 000001 BLACK,76,N/A,ACCESSORIES,CORE,7674,LLS036,000001 BLACK,VINTAGE BRASS BUCKLE BELT,#N/A,SPAIN,,C,reshoot?,395,15,,,,,,,,,
Picture,CORE ACCESSORIES,CORE-7674 LLS036 000135 ENOKI,76,N/A,ACCESSORIES,CORE,7674,LLS036,000135 ENOKI,VINTAGE BRASS BUCKLE BELT,#N/A,SPAIN,,C,reshoot?,395,15,,,,,,,,,
Picture,CORE ACCESSORIES,CORE-7674 LUC004 000227 CHOCOLATE,76,N/A,ACCESSORIES,CORE,7674,LUC004,000227 CHOCOLATE,VINTAGE BRASS BUCKLE BELT,#N/A,SPAIN,,C,reshoot?,395,15,,,,,,,,,
Picture,CORE READY TO WEAR,CORE-8878 KYS010 000001 BLACK,8,88,READY TO WEAR,CORE,8878,KYS010,000001 BLACK,MINI MINAMOTO SWEATER,#N/A,"CHINA, PEOPLE'S REPUBLIC OF",,0,reshoot?,645,13,,,,,,,,,
Picture,CORE READY TO WEAR,CORE-8878 KYS010 000101 NATURAL WHITE,8,88,READY TO WEAR,CORE,8878,KYS010,000101 NATURAL WHITE,MINI MINAMOTO SWEATER,#N/A,"CHINA, PEOPLE'S REPUBLIC OF",,0,reshoot?,645,12,,,,,,,,,
Picture,CORE READY TO WEAR,CORE-8878 KYS010 000406 BERRY BLUE,8,88,READY TO WEAR,CORE,8878,KYS010,000406 BERRY BLUE,MINI MINAMOTO SWEATER,#N/A,"CHINA, PEOPLE'S REPUBLIC OF",,C,reshoot?,645,11,,,,,,,,,
Picture,CORE READY TO WEAR,CORE-8895 KYS010 000001 BLACK,8,88,READY TO WEAR,CORE,8895,KYS010,000001 BLACK,HARUNI SWEATER,#N/A,"CHINA, PEOPLE'S REPUBLIC OF",,0,reshoot?,645,20,,,,,,,,,
Picture,CORE READY TO WEAR,CORE-8895 KYS010 000101 NATURAL WHITE,8,88,READY TO WEAR,CORE,8895,KYS010,000101 NATURAL WHITE,HARUNI SWEATER,#N/A,"CHINA, PEOPLE'S REPUBLIC OF",,0,reshoot?,645,19,,,,,,,,,
Picture,SS26 READY TO WEAR,F224-2014 LLS034 000001 BLACK,2,N/A,READY TO WEAR,F224,2014,LLS034,000001 BLACK,ASTLEY JACKET,#N/A,TURKEY,,#N/A,reshoot?,2795,30,,,,,,,,,
Picture,SS26 READY TO WEAR,PF26-2022 DCS009 000100 OPTIC WHITE,2,N/A,READY TO WEAR,PF26,2022,DCS009,000100 OPTIC WHITE,HAYDEN JACKET,#N/A,ITALY,,#N/A,N,1295,30,,,,,,,,,
Picture,SS26 READY TO WEAR,PF26-3004 SCP015 378398 DESERT SAGE BIRD,3,N/A,READY TO WEAR,PF26,3004,SCP015,378398 DESERT SAGE BIRD,PAULINA DRESS,#N/A,PORTUGAL,,0,N,1495,25,,,,,,,,,
Picture,SS26 READY TO WEAR,PF26-3004 SCS011 000100 OPTIC WHITE,3,N/A,READY TO WEAR,PF26,3004,SCS011,000100 OPTIC WHITE,PAULINA DRESS,#N/A,PORTUGAL,,#N/A,N,1495,20,,,,,,,,,
Picture,SS26 READY TO WEAR,PF26-3006 BSP024 378172 TAPIOCA BIRD,3,N/A,READY TO WEAR,PF26,3006,BSP024,378172 TAPIOCA BIRD,LUCIE DRESS,#N/A,ITALY,,#N/A,N,1995,20,,,,,,,,,
Picture,SS26 READY TO WEAR,PF26-3008 BSP024 379398 DESERT SAGE BIRD,3,N/A,READY TO WEAR,PF26,3008,BSP024,379398 DESERT SAGE BIRD,FLOYD DRESS,#N/A,ITALY,,#N/A,N,1895,10,,,,,,,,,
Picture,SS26 READY TO WEAR,PF26-3013 JCQ001 377400 NAVY/TAPIOCA STRIPE,3,N/A,READY TO WEAR,PF26,3013,JCQ001,377400 NAVY/TAPIOCA STRIPE,AMEILIA DRESS,#N/A,PORTUGAL,,Y,N,1295,20,,,,,,,,,
Picture,SS26 READY TO WEAR,PF26-3021 BYQ012 376438 GLACIAL STRIPE,3,N/A,READY TO WEAR,PF26,3021,BYQ012,376438 GLACIAL STRIPE,KIERAN DRESS,#N/A,#N/A,,Y,N,1995,20,,,,,,,,,
Picture,SS26 READY TO WEAR,PF26-3021 DCE001 000479 MIDNIGHT,3,N/A,READY TO WEAR,PF26,3021,DCE001,000479 MIDNIGHT,KIERAN DRESS,#N/A,ITALY,,0,N,1995,25,,,,,,,,,
Picture,SS26 READY TO WEAR,PF26-3036 SCQ015 374484 AZURE STRIPE,3,N/A,READY TO WEAR,PF26,3036,SCQ015,374484 AZURE STRIPE,LILY DRESS,#N/A,ITALY,,#N/A,N,1695,25,,,,,,,,,
Picture,SS26 READY TO WEAR,PF26-3046 SCQ016 000100 OPTIC WHITE,3,N/A,READY TO WEAR,PF26,3046,SCQ016,000100 OPTIC WHITE,FRIDA DRESS,#N/A,ITALY,,Y,N,1495,30,,,,,,,,,
Picture,SS26 READY TO WEAR,PF26-3047 BYQ013 000438 GLACIAL BLUE,3,N/A,READY TO WEAR,PF26,3047,BYQ013,000438 GLACIAL BLUE,CARMEL DRESS,#N/A,PORTUGAL,,Y,N,1495,25,,,,,,,,,
Picture,SS26 READY TO WEAR,PF26-3048 BYQ013 000438 GLACIAL BLUE,3,N/A,READY TO WEAR,PF26,3048,BYQ013,000438 GLACIAL BLUE,LAFONT DRESS,#N/A,ITALY,,Y,N,1695,15,,,,,,,,,
Picture,SS26 READY TO WEAR,PF26-3052 BSP024 378172 TAPIOCA BIRD,3,N/A,READY TO WEAR,PF26,3052,BSP024,378172 TAPIOCA BIRD,PENNY DRESS,#N/A,ITALY,,0,N,1795,35,,,,,,,,,
Picture,SS26 READY TO WEAR,PF26-3052 SCQ015 374484 AZURE STRIPE,3,N/A,READY TO WEAR,PF26,3052,SCQ015,374484 AZURE STRIPE,PENNY DRESS,#N/A,ITALY,,#N/A,N,1595,30,,,,,,,,,
Picture,SS26 READY TO WEAR,PF26-3070 BYQ011 375102 IVORY STRIPE,3,N/A,READY TO WEAR,PF26,3070,BYQ011,375102 IVORY STRIPE,FIE DRESS,#N/A,PORTUGAL,,#N/A,N,1395,15,,,,,,,,,
Picture,SS26 READY TO WEAR,PF26-3071 BYQ013 000396 FROSTED TEA,3,N/A,READY TO WEAR,PF26,3071,BYQ013,000396 FROSTED TEA,SYBBELINE DRESS,#N/A,ITALY,,#N/A,N,2495,25,,,,,,,,,
Picture,SS26 READY TO WEAR,PF26-4008 BSP024 378172 TAPIOCA BIRD,4,N/A,READY TO WEAR,PF26,4008,BSP024,378172 TAPIOCA BIRD,SLEARY TOP,#N/A,ITALY,,0,N,995,20,,,,,,,,,
Picture,SS26 READY TO WEAR,PF26-4010 SCQ015 374484 AZURE STRIPE,4,N/A,READY TO WEAR,PF26,4010,SCQ015,374484 AZURE STRIPE,MARGOT TOP,#N/A,ITALY,,#N/A,N,895,25,,,,,,,,,
Picture,SS26 READY TO WEAR,PF26-4011 JCQ001 377172 TAPIOCA/NAVY STRIPE,4,N/A,READY TO WEAR,PF26,4011,JCQ001,377172 TAPIOCA/NAVY STRIPE,BLANCA TOP,#N/A,PORTUGAL,,Y,N,795,20,,,,,,,,,
Picture,SS26 READY TO WEAR,PF26-4013 BYQ012 376438 GLACIAL BLUE,4,N/A,READY TO WEAR,PF26,4013,BYQ012,376438 GLACIAL BLUE,MAGEE TOP,#N/A,#N/A,,Y,N,995,20,,,,,,,,,
Picture,SS26 READY TO WEAR,PF26-4015 BSP024 378398 DESERT SAGE BIRD,4,N/A,READY TO WEAR,PF26,4015,BSP024,378398 DESERT SAGE BIRD,CHIKA TOP,#N/A,PORTUGAL,,0,N,895,20,,,,,,,,,
Picture,SS26 READY TO WEAR,PF26-4016 BYQ013 000396 FROSTED TEA,4,N/A,READY TO WEAR,PF26,4016,BYQ013,000396 FROSTED TEA,SIGGI TOP,#N/A,ITALY,,Y,N,1195,15,,,,,,,,,
Picture,SS26 READY TO WEAR,PF26-4016 SCQ016 000100 OPTIC WHITE,4,N/A,READY TO WEAR,PF26,4016,SCQ016,000100 OPTIC WHITE,SIGGI TOP,#N/A,ITALY,,#N/A,N,1195,20,,,,,,,,,
Picture,SS26 READY TO WEAR,PF26-4035 SCS011 000414 DANUBE,4,N/A,READY TO WEAR,PF26,4035,SCS011,000414 DANUBE,TIZZY TOP,#N/A,ITALY,,#N/A,N,995,15,,,,,,,,,
Picture,SS26 READY TO WEAR,PF26-5002 SCQ016 000100 OPTIC WHITE,5,N/A,READY TO WEAR,PF26,5002,SCQ016,000100 OPTIC WHITE,MALIK SKIRT,#N/A,ITALY,,Y,N,995,20,,,,,,,,,
Picture,SS26 READY TO WEAR,PF26-5004 BSP024 378172 TAPIOCA BIRD,5,N/A,READY TO WEAR,PF26,5004,BSP024,378172 TAPIOCA BIRD,ELTON SKIRT,#N/A,ITALY,,0,N,1595,25,,,,,,,,,
Picture,SS26 READY TO WEAR,PF26-5013 DCE001 000479 MIDNIGHT,5,N/A,READY TO WEAR,PF26,5013,DCE001,000479 MIDNIGHT,VARDA SKIRT,#N/A,ITALY,,0,N,1695,25,,,,,,,,,
Picture,SS26 READY TO WEAR,PF26-5013 SCP015 378398 DESERT SAGE BIRD,5,N/A,READY TO WEAR,PF26,5013,SCP015,378398 DESERT SAGE BIRD,VARDA SKIRT,#N/A,ITALY,,0,N,995,20,,,,,,,,,
Picture,SS26 READY TO WEAR,PF26-5017 BYQ013 000396 FROSTED TEA,5,N/A,READY TO WEAR,PF26,5017,BYQ013,000396 FROSTED TEA,LINNIE SKIRT,#N/A,ITALY,,0,N,1495,15,,,,,,,,,
Picture,SS26 READY TO WEAR,PF26-5024 DCS009 000100 OPTIC WHITE,5,N/A,READY TO WEAR,PF26,5024,DCS009,000100 OPTIC WHITE,VARDA SKIRT,#N/A,ITALY,,0,N,795,25,,,,,,,,,
Picture,SS26 READY TO WEAR,PF26-5024 DCS021 000403 INDIGO,5,N/A,READY TO WEAR,PF26,5024,DCS021,000403 INDIGO,VARDA SKIRT,#N/A,ITALY,,#N/A,N,795,25,,,,,,,,,
Picture,SS26 READY TO WEAR,PF26-6002 SCS017 000100 OPTIC WHITE,6,N/A,READY TO WEAR,PF26,6002,SCS017,000100 OPTIC WHITE,WILSON PANT,#N/A,ITALY,,#N/A,N,895,18,,,,,,,,,
Picture,SS26 HANDBAGS,PF26-7153 LLE053 380102 IVORY/CRYSTAL,71,N/A,HANDBAGS,PF26,7153,LLE053,380102 IVORY/CRYSTAL,ORIGAMI BAG,#N/A,SPAIN,,#N/A,N,1195,25,,,,,,,,,
Picture,SS26 HANDBAGS,PF26-7154 STS006 378252 CANYON EMBROIDERED BIRD,71,N/A,HANDBAGS,PF26,7154,STS006,378252 CANYON EMBROIDERED BIRD,KNOT BASKET LARGE,#N/A,SPAIN,,#N/A,N,995,12,,,,,,,,,
Picture,SS26 HANDBAGS,PF26-7160 LLE053 380102 IVORY/CRYSTAL,71,N/A,HANDBAGS,PF26,7160,LLE053,380102 IVORY/CRYSTAL,ORIGAMI BAG MINI,#N/A,SPAIN,,#N/A,N,995,10,,,,,,,,,
Picture,SS26 HANDBAGS,PF26-7165 STS006 378102 IVORY EMBROIDERED BIRD,71,N/A,HANDBAGS,PF26,7165,STS006,378102 IVORY EMBROIDERED BIRD,KNOT BASKET SMALL LONG HANDLE,#N/A,SPAIN,,#N/A,N,795,20,,,,,,,,,
Picture,SS26 HANDBAGS,PF26-7167 LLE053 380102 IVORY/CRYSTAL,71,N/A,HANDBAGS,PF26,7167,LLE053,380102 IVORY/CRYSTAL,ORIGAMI BAGUETTE,#N/A,SPAIN,,#N/A,N,895,30,,,,,,,,,
Picture,SS26 READY TO WEAR,PF26-8302 KCS052 000406 BERRY BLUE,8,83,READY TO WEAR,PF26,8302,KCS052,000406 BERRY BLUE,JONES DRESS,#N/A,ITALY,,0,N,895,12,,,,,,,,,
Picture,SS26 READY TO WEAR,PF26-8310 KYS072 000001 BLACK,8,83,READY TO WEAR,PF26,8310,KYS072,000001 BLACK,AXIA DRESS,#N/A,TURKEY,,Y,N,995,25,,,,,,,,,
Picture,SS26 READY TO WEAR,PF26-8310 KYS072 000258 TOFFEE,8,83,READY TO WEAR,PF26,8310,KYS072,000258 TOFFEE,AXIA DRESS,#N/A,TURKEY,,Y,N,995,15,,,,,,,,,
Picture,SS26 READY TO WEAR,PF26-8311 KYS923 000689 PALE BLUSH,8,83,READY TO WEAR,PF26,8311,KYS923,000689 PALE BLUSH,NELLY DRESS,#N/A,"CHINA, PEOPLE'S REPUBLIC OF",,#N/A,N,1495,25,,,,,,,,,
Picture,SS26 READY TO WEAR,PF26-8318 KYS077 000001 BLACK,8,83,READY TO WEAR,PF26,8318,KYS077,000001 BLACK,RENE DRESS,#N/A,"CHINA, PEOPLE'S REPUBLIC OF",,#N/A,N,995,25,,,,,,,,,
Picture,SS26 READY TO WEAR,PF26-8318 KYS077 000454 ASH BLUE,8,83,READY TO WEAR,PF26,8318,KYS077,000454 ASH BLUE,RENE DRESS,#N/A,"CHINA, PEOPLE'S REPUBLIC OF",,Y,N,995,25,,,,,,,,,
Picture,SS26 READY TO WEAR,PF26-8402 KYS072 000001 BLACK,8,84,READY TO WEAR,PF26,8402,KYS072,000001 BLACK,HAPPER TOP,#N/A,TURKEY,,Y,N,795,20,,,,,,,,,
Picture,SS26 READY TO WEAR,PF26-8402 KYS072 000102 IVORY,8,84,READY TO WEAR,PF26,8402,KYS072,000102 IVORY,HAPPER TOP,#N/A,TURKEY,,Y,N,795,20,,,,,,,,,
Picture,SS26 READY TO WEAR,PF26-8412 KYS077 000102 IVORY,8,84,READY TO WEAR,PF26,8412,KYS077,000102 IVORY,RINALDI TOP,#N/A,"CHINA, PEOPLE'S REPUBLIC OF",,Y,N,495,25,,,,,,,,,
Picture,SS26 READY TO WEAR,PF26-8412 KYS077 000454 ASH BLUE,8,84,READY TO WEAR,PF26,8412,KYS077,000454 ASH BLUE,RINALDI TOP,#N/A,"CHINA, PEOPLE'S REPUBLIC OF",,Y,N,495,20,,,,,,,,,
Picture,SS26 READY TO WEAR,PF26-8416 KCS046 000067 STORM,8,84,READY TO WEAR,PF26,8416,KCS046,000067 STORM,ZABOU TOP,#N/A,"CHINA, PEOPLE'S REPUBLIC OF",,#N/A,N,495,25,,,,,,,,,
Picture,SS26 READY TO WEAR,PF26-8807 KCS049 000181 BONE,8,88,READY TO WEAR,PF26,8807,KCS049,000181 BONE,CLAY SWEATER,#N/A,ITALY,,#N/A,N,595,15,,,,,,,,,
Picture,SS26 READY TO WEAR,PF26-8807 KCS049 000479 MIDNIGHT,8,88,READY TO WEAR,PF26,8807,KCS049,000479 MIDNIGHT,CLAY SWEATER,#N/A,ITALY,,#N/A,N,595,15,,,,,,,,,
Picture,SS26 READY TO WEAR,PF26-8818 KCS052 000102 IVORY,8,88,READY TO WEAR,PF26,8818,KCS052,000102 IVORY,MARCO SWEATER,#N/A,ITALY,,Y,N,895,5,,,,,,,,,
Picture,SS26 READY TO WEAR,PF26-8818 KCS052 000406 BERRY BLUE,8,88,READY TO WEAR,PF26,8818,KCS052,000406 BERRY BLUE,MARCO SWEATER,#N/A,ITALY,,Y,N,895,5,,,,,,,,,
Picture,SS26 READY TO WEAR,PF26-8824 KYS923 000102 IVORY,8,88,READY TO WEAR,PF26,8824,KYS923,000102 IVORY,CARTER TOP,#N/A,"CHINA, PEOPLE'S REPUBLIC OF",,#N/A,N,795,20,,,,,,,,,
Picture,SS26 READY TO WEAR,PF26-8824 KYS923 000689 PALE BLUSH,8,88,READY TO WEAR,PF26,8824,KYS923,000689 PALE BLUSH,CARTER TOP,#N/A,"CHINA, PEOPLE'S REPUBLIC OF",,#N/A,N,795,20,,,,,,,,,
Picture,SS26 READY TO WEAR,PF26-8838 KCS046 000067 STORM,8,88,READY TO WEAR,PF26,8838,KCS046,000067 STORM,MARIETTE SWEATER,#N/A,"CHINA, PEOPLE'S REPUBLIC OF",,#N/A,N,895,20,,,,,,,,,
Picture,SS26 READY TO WEAR,S126-1008 AWM040 000182 TAHINI MELANGE,1,N/A,READY TO WEAR,S126,1008,AWM040,000182 TAHINI MELANGE,ASKANIA COAT,50% VIRGIN WOOL 19%VISCOSE 18%POLY-COTTON 11%POLYESTER 2%POLYAMIDE,ITALY, - 50% Virgin Wool 19%Viscose 18%Poly-Cotton 11%Polyester 2%Polyamide. Made In Italy,Y,Y,2795,10,,,,,,,,,
Picture,SS26 READY TO WEAR,S126-2002 ACQ011 000397 GREEN LILY,2,N/A,READY TO WEAR,S126,2002,ACQ011,000397 GREEN LILY,ASTLEY JACKET,58%COTTON 41%VISCOSE 1%POLYESTER,ITALY, - 58%Cotton 41%Viscose 1%Polyester. Made In Italy,Y,Y,2295,18,,,,,,,,,
Picture,SS26 READY TO WEAR,S126-2002 AWS028 000001 BLACK,2,N/A,READY TO WEAR,S126,2002,AWS028,000001 BLACK,ASTLEY JACKET,100% Virgin wool ZQ,ITALY, - 100% Virgin Wool Zq. Made In Italy,Y,Y,2295,13,,,,,,,,,
Picture,SS26 READY TO WEAR,S126-2003 AWS680 000563 MAROON,2,N/A,READY TO WEAR,S126,2003,AWS680,000563 MAROON,FENICE JACKET,98%WV 2%EA,ITALY,- 98% Virgin wool 2% Elastane. Made In Italy,Y,Y,1895,24,,,,,,,,,
Picture,SS26 READY TO WEAR,S126-2012 LLS034 000563 MAROON,2,N/A,READY TO WEAR,S126,2012,LLS034,000563 MAROON,ASTLEY JACKET,100% LAMB SKIN,TURKEY, - 100% Lamb Skin. Made In Turkey,Y,Y,2795,26,,,,,,,,,
Picture,SS26 READY TO WEAR,S126-2012 LLS056 000001 BLACK,2,N/A,READY TO WEAR,S126,2012,LLS056,000001 BLACK,ASTLEY JACKET,100% LAMB SKIN,TURKEY, - 100% Lamb Skin. Made In Turkey,Y,Y,2995,24,,,,,,,,,
Picture,SS26 READY TO WEAR,S126-2012 LUS003 000265 GOLDEN OAK,2,N/A,READY TO WEAR,S126,2012,LUS003,000265 GOLDEN OAK,ASTLEY JACKET,100% GOAT SUEDE,TURKEY, - 100% Goat Suede. Made In Turkey,Y,N,2795,13,,,,,,,,,
Picture,SS26 READY TO WEAR,S126-2021 LLS002 000267 TOBACCO,2,N/A,READY TO WEAR,S126,2021,LLS002,000267 TOBACCO,HAYDEN JACKET,100% LAMB SKIN,TURKEY, - 100% Lamb Skin. Made In Turkey,Y,Y,2795,20,,,,,,,,,
Picture,SS26 READY TO WEAR,S126-3005 BSP032 371182 TAHINI GOOSE,3,N/A,READY TO WEAR,S126,3005,BSP032,371182 TAHINI GOOSE,BAKER DRESS,100% SILK,ITALY, - 100% Silk. Made In Italy,Y,Y,2495,25,,,,,,,,,
Picture,SS26 READY TO WEAR,S126-3008 BYP058 373102 IVORY ANIMAL,3,N/A,READY TO WEAR,S126,3008,BYP058,373102 IVORY ANIMAL,FLOYD DRESS,100% POLYESTER,ITALY, - 100% Polyester. Made In Italy,Y,Y,1695,18,,,,,,,,,
Picture,SS26 READY TO WEAR,S126-3014 BYP057 373398 DESERT SAGE ANIMAL,3,N/A,READY TO WEAR,S126,3014,BYP057,373398 DESERT SAGE ANIMAL,BIRDY DRESS,100% POLYESTER,ITALY, - 100% Polyester. Made In Italy,Y,Y,2695,12,,,,,,,,,
Picture,SS26 READY TO WEAR,S126-3017 BSP038 417102 IVORY APPLIQUE FLOWERS,3,N/A,READY TO WEAR,S126,3017,BSP038,417102 IVORY APPLIQUE FLOWERS,CARROL DRESS,100% SILK,ITALY, - 100% Silk. Made In Italy,Y,Y,2795,15,,,,,,,,,
Picture,SS26 READY TO WEAR,S126-3018 JYS019 000605 GRENADINE,3,N/A,READY TO WEAR,S126,3018,JYS019,000605 GRENADINE,JAZMINA DRESS,92% REC YCLED POLYESTER 8% ELASTANE,PORTUGAL, - 92% Rec Ycled Polyester 8% Elastane. Made In Portugal,Y,Y,1195,15,,,,,,,,,
Picture,SS26 READY TO WEAR,S126-3019 BSP031 416102 IVORY FLOWERS,3,N/A,READY TO WEAR,S126,3019,BSP031,416102 IVORY FLOWERS,KIERA DRESS,100% SILK,ITALY, - 100% Silk. Made In Italy,Y,Y,1995,32,,,,,,,,,
Picture,SS26 READY TO WEAR,S126-3019 SCS011 000406 BERRY BLUE,3,N/A,READY TO WEAR,S126,3019,SCS011,000406 BERRY BLUE,KIERA DRESS,70%COTTON 30%POLYESTER,ITALY, - 70%Cotton 30%Polyester. Made In Italy,Y,N,1395,26,,,,,,,,,
Picture,SS26 READY TO WEAR,S126-3022 ACQ011 000397 GREEN LILY,3,N/A,READY TO WEAR,S126,3022,ACQ011,000397 GREEN LILY,ORRIE DRESS,58%COTTON 41%VISCOSE 1%POLYESTER,ITALY, - 58%Cotton 41%Viscose 1%Polyester. Made In Italy,Y,Y,1695,25,,,,,,,,,
Picture,SS26 READY TO WEAR,S126-3029 JYP012 373001 BLACK ANIMAL,3,N/A,READY TO WEAR,S126,3029,JYP012,373001 BLACK ANIMAL,CLAUDIA DRESS,100% VISCOSE,PORTUGAL, - 100% Viscose. Made In Portugal,Y,Y,1395,30,,,,,,,,,
Picture,SS26 READY TO WEAR,S126-3033 BYP058 373398 DESERT SAGE ANIMAL,3,N/A,READY TO WEAR,S126,3033,BYP058,373398 DESERT SAGE ANIMAL,KATRIN DRESS,100% POLYESTER,ITALY, - 100% Polyester. Made In Italy,Y,Y,1295,6,,,,,,,,,
Picture,SS26 READY TO WEAR,S126-3050 ZYS008 000171 MACADAMIA,3,N/A,READY TO WEAR,S126,3050,ZYS008,000171 MACADAMIA,NOOR DRESS,67%POLYESTER 23%POLYAMIDE 10%METALLIC FIBRE,ITALY, - 67%Polyester 23%Polyamide 10%Metallic Fibre. Made In Italy,Y,Y,2995,20,,,,,,,,,
Picture,SS26 READY TO WEAR,S126-3052 BSP024 418001 BLACK FLOWERS,3,N/A,READY TO WEAR,S126,3052,BSP024,418001 BLACK FLOWERS,PENNY DRESS,100% SILK,ITALY, - 100% Silk. Made In Italy,Y,Y,1795,35,,,,,,,,,
Picture,SS26 READY TO WEAR,S126-4003 BSP032 371102 IVORY GOOSE,4,N/A,READY TO WEAR,S126,4003,BSP032,371102 IVORY GOOSE,ARLIE TOP,100% SILK,ITALY, - 100% Silk. Made In Italy,Y,Y,1495,15,,,,,,,,,
Picture,SS26 READY TO WEAR,S126-4007 BYP058 373001 BLACK ANIMAL,4,N/A,READY TO WEAR,S126,4007,BYP058,373001 BLACK ANIMAL,CARA TOP,100% POLYESTER,ITALY, - 100% Polyester. Made In Italy,Y,Y,995,18,,,,,,,,,
Picture,SS26 READY TO WEAR,S126-4007 BYS089 000102 IVORY,4,N/A,READY TO WEAR,S126,4007,BYS089,000102 IVORY,CARA TOP,100% POLYESTER,ITALY, - 100% Polyester. Made In Italy,Y,Y,995,10,,,,,,,,,
Picture,SS26 READY TO WEAR,S126-4008 BSP024 418067 STORM FLOWERS,4,N/A,READY TO WEAR,S126,4008,BSP024,418067 STORM FLOWERS,SLEARY TOP,100% SILK,ITALY, - 100% Silk. Made In Italy,Y,Y,995,10,,,,,,,,,
Picture,SS26 READY TO WEAR,S126-4008 ZYS008 000171 MACADAMIA,4,N/A,READY TO WEAR,S126,4008,ZYS008,000171 MACADAMIA,SLEARY TOP,67%POLYESTER 23%POLYAMIDE 10%METALLIC FIBRE,ITALY, - 67%Polyester 23%Polyamide 10%Metallic Fibre. Made In Italy,Y,N,1395,15,,,,,,,,,
Picture,SS26 READY TO WEAR,S126-4015 BSP031 418001 BLACK FLOWERS,4,N/A,READY TO WEAR,S126,4015,BSP031,418001 BLACK FLOWERS,CHIKA TOP,100% SILK,ITALY, - 100% Silk. Made In Italy,Y,Y,995,15,,,,,,,,,
Picture,SS26 READY TO WEAR,S126-4015 BYP058 373102 IVORY ANIMAL,4,N/A,READY TO WEAR,S126,4015,BYP058,373102 IVORY ANIMAL,CHIKA TOP,100% POLYESTER,ITALY, - 100% Polyester. Made In Italy,Y,N,895,20,,,,,,,,,
Picture,SS26 READY TO WEAR,S126-5004 BYP058 373001 BLACK ANIMAL,5,N/A,READY TO WEAR,S126,5004,BYP058,373001 BLACK ANIMAL,ELTON SKIRT,100% POLYESTER,ITALY, - 100% Polyester. Made In Italy,Y,Y,1595,25,,,,,,,,,
Picture,SS26 READY TO WEAR,S126-5013 ACQ011 000397 GREEN LILY,5,N/A,READY TO WEAR,S126,5013,ACQ011,000397 GREEN LILY,VARDA SKIRT,58%COTTON 41%VISCOSE 1%POLYESTER,ITALY, - 58%Cotton 41%Viscose 1%Polyester. Made In Italy,Y,N,1595,23,,,,,,,,,
Picture,SS26 READY TO WEAR,S126-5013 BSP024 418067 STORM FLOWERS,5,N/A,READY TO WEAR,S126,5013,BSP024,418067 STORM FLOWERS,VARDA SKIRT,100% SILK,ITALY, - 100% Silk. Made In Italy,N,N,1395,25,,,,,,,,,
Picture,SS26 READY TO WEAR,S126-5013 BSP031 418001 BLACK FLOWERS,5,N/A,READY TO WEAR,S126,5013,BSP031,418001 BLACK FLOWERS,VARDA SKIRT,100% SILK,ITALY, - 100% Silk. Made In Italy,Y,N,1595,15,,,,,,,,,
Picture,SS26 READY TO WEAR,S126-5016 LLS034 000001 BLACK,5,N/A,READY TO WEAR,S126,5016,LLS034,000001 BLACK,HANK SKIRT,100% LAMB SKIN,TURKEY, - 100% Lamb Skin. Made In Turkey,Y,Y,1995,10,,,,,,,,,
Picture,SS26 READY TO WEAR,S126-5017 ZYS008 000171 MACADAMIA,5,N/A,READY TO WEAR,S126,5017,ZYS008,000171 MACADAMIA,LINNIE SKIRT,67%POLYESTER 23%POLYAMIDE 10%METALLIC FIBRE,ITALY, - 67%Polyester 23%Polyamide 10%Metallic Fibre. Made In Italy,Y,Y,1595,15,,,,,,,,,
Picture,SS26 READY TO WEAR,S126-5018 ACS017 000445 NIGHTFALL,5,N/A,READY TO WEAR,S126,5018,ACS017,000445 NIGHTFALL,MACK SKIRT,100% COTTON,ITALY, - 100% Cotton. Made In Italy,Y,N,1295,12,,,,,,,,,
Picture,SS26 READY TO WEAR,S126-5023 LLS002 000563 MAROON,5,N/A,READY TO WEAR,S126,5023,LLS002,000563 MAROON,VARDA SKIRT,100% LAMB SKIN,TURKEY, - 100% Lamb Skin. Made In Turkey,Y,Y,2195,17,,,,,,,,,
Picture,SS26 READY TO WEAR,S126-5023 LUS003 000265 GOLDEN OAK,5,N/A,READY TO WEAR,S126,5023,LUS003,000265 GOLDEN OAK,VARDA SKIRT,100% GOAT SUEDE,TURKEY, - 100% Goat Suede. Made In Turkey,Y,N,2195,17,,,,,,,,,
Picture,SS26 READY TO WEAR,S126-6007 ACQ011 000397 GREEN LILY,6,N/A,READY TO WEAR,S126,6007,ACQ011,000397 GREEN LILY,DASH PANT,58%COTTON 41%VISCOSE 1%POLYESTER,ITALY, - 58%Cotton 41%Viscose 1%Polyester. Made In Italy,N,N,995,20,,,,,,,,,
Picture,SS26 READY TO WEAR,S126-6007 AWS028 000001 BLACK,6,N/A,READY TO WEAR,S126,6007,AWS028,000001 BLACK,DASH PANT,100% Virgin wool ZQ,ITALY, - 100% Virgin Wool Zq. Made In Italy,Y,Y,995,20,,,,,,,,,
Picture,SS26 READY TO WEAR,S126-6007 AYS006 000265 GOLDEN OAK,6,N/A,READY TO WEAR,S126,6007,AYS006,000265 GOLDEN OAK,DASH PANT,86%VISCOSE 14%WOOL,ITALY, - 86%Viscose 14%Wool. Made In Italy,Y,Y,995,25,,,,,,,,,
Picture,SS26 READY TO WEAR,S126-6017 LLS002 000001 BLACK,6,N/A,READY TO WEAR,S126,6017,LLS002,000001 BLACK,DASH PANT,100% LAMB SKIN,TURKEY, - 100% Lamb Skin. Made In Turkey,Y,Y,1995,10,,,,,,,,,
Picture,SS26 READY TO WEAR,S126-6022 AWS680 000563 MAROON,6,N/A,READY TO WEAR,S126,6022,AWS680,000563 MAROON,TODD PANT,98% VIRGIN WOOL 2%ELASTANE,ITALY, - 98% Virgin Wool 2%Elastane. Made In Italy,Y,Y,895,30,,,,,,,,,
Picture,SS26 HANDBAGS,S126-7153 LLC052 000214 BURNT CYPRESS,71,N/A,HANDBAGS,S126,7153,LLC052,000214 BURNT CYPRESS,ORIGAMI BAG,100% CALF LEATHER,SPAIN, - 100% Calf Leather. Made In Spain,Y,Y,995,15,,,,,,,,,
Picture,SS26 HANDBAGS,S126-7153 LLE045 000978 BLACK STUD,71,N/A,HANDBAGS,S126,7153,LLE045,000978 BLACK STUD,ORIGAMI BAG,100% DEERSKIN,SPAIN, - 100% Deerskin. Made In Spain,Y,Y,1195,10,,,,,,,,,
Picture,SS26 HANDBAGS,S126-7153 LLE052 381001 BLACK/SILVER,71,N/A,HANDBAGS,S126,7153,LLE052,381001 BLACK/SILVER,ORIGAMI BAG,100% CALF LEATHER,SPAIN, - 100% Calf Leather. Made In Spain,Y,Y,995,20,,,,,,,,,
Picture,SS26 HANDBAGS,S126-7153 LLS060 000132 WEIZEN,71,N/A,HANDBAGS,S126,7153,LLS060,000132 WEIZEN,ORIGAMI BAG,100% DEERSKIN,SPAIN, - 100% Deerskin. Made In Spain,Y,Y,995,11,,,,,,,,,
Picture,SS26 HANDBAGS,S126-7153 LUC006 000479 MIDNIGHT,71,N/A,HANDBAGS,S126,?,LUC006,000479 MIDNIGHT,ORIGAMI BAG,100% CALF LEATHER,SPAIN, - 100% Calf Leather. Made In Spain,Y,Y,995,15,,,,,,,,,
Picture,SS26 HANDBAGS,S126-7160 LLE054 381182 TAHINI/SILVER,71,N/A,HANDBAGS,S126,7160,LLE054,381182 TAHINI/SILVER,ORIGAMI BAG MINI,100% CALF LEATHER,SPAIN, - 100% Calf Leather. Made In Spain,Y,Y,795,15,,,,,,,,,
Picture,SS26 HANDBAGS,S126-7166 ELP013 000907 PYTHON,71,N/A,HANDBAGS,S126,7166,ELP013,000907 PYTHON,E/W MINI TOTE,100% CALF LEATHER,SPAIN, - 100% Calf Leather. Made In Spain,Y,Y,1095,3,,,,,,,,,
Picture,SS26 HANDBAGS,S126-7166 LLS063 000001 BLACK,71,N/A,HANDBAGS,S126,7166,LLS063,000001 BLACK,E/W MINI TOTE,100% CALF LEATHER,SPAIN, - 100% Calf Leather. Made In Spain,Y,Y,1095,8,,,,,,,,,
Picture,SS26 HANDBAGS,S126-7166 LUC006 000563 MAROON,71,N/A,HANDBAGS,S126,7166,LUC006,000563 MAROON,E/W MINI TOTE,100% CALF LEATHER,SPAIN, - 100% Calf Leather. Made In Spain,Y,Y,1095,8,,,,,,,,,
Picture,SS26 HANDBAGS,S126-7167 CYS008 000479 MIDNIGHT,71,N/A,HANDBAGS,S126,7167,CYS008,000479 MIDNIGHT,ORIGAMI BAGUETTE,50% POLYESTER 50% CALF LEATHER,SPAIN, - 50% Polyester 50% Calf Leather. Made In Spain,Y,Y,695,20,,,,,,,,,
Picture,SS26 HANDBAGS,S126-7167 CYS008 000649 HOLLY RED,71,N/A,HANDBAGS,S126,7167,CYS008,000649 HOLLY RED,ORIGAMI BAGUETTE,50% POLYESTER 50% CALF LEATHER,SPAIN, - 50% Polyester 50% Calf Leather. Made In Spain,Y,Y,695,20,,,,,,,,,
Picture,SS26 HANDBAGS,S126-7167 LLC053 000001 BLACK PATENT CROC,71,N/A,HANDBAGS,S126,7167,LLC053,000001 BLACK PATENT CROC,ORIGAMI BAGUETTE,100% CALF LEATHER,SPAIN, - 100% Calf Leather. Made In Spain,Y,Y,695,15,,,,,,,,,
Picture,SS26 ACCESSORIES,S126-7682 LLC053 000001 BLACK PATENT CROC,76,N/A,ACCESSORIES,S126,7682,LLC053,000001 BLACK PATENT CROC,BEAN SKINNY BELT,100% CALF LEATHER,SPAIN, - 100% Calf Leather. Made In Spain,Y,Y,395,15,,,,,,,,,
Picture,SS26 ACCESSORIES,S126-7682 LLS036 000102 IVORY,76,N/A,ACCESSORIES,S126,7682,LLS036,000102 IVORY,BEAN SKINNY BELT,100% CALF LEATHER,SPAIN, - 100% Calf Leather. Made In Spain,Y,Y,395,15,,,,,,,,,
Picture,SS26 ACCESSORIES,S126-7683 LUC006 000214 BURNT CYPRESS,76,N/A,ACCESSORIES,S126,7683,LUC006,000214 BURNT CYPRESS,SQUARE BUCKLE BELT,100% CALF LEATHER,SPAIN, - 100% Calf Leather. Made In Spain,Y,Y,345,10,,,,,,,,,
Picture,SS26 ACCESSORIES,S126-7683 LUC006 000563 MAROON,76,N/A,ACCESSORIES,S126,7683,LUC006,000563 MAROON,SQUARE BUCKLE BELT,100% CALF LEATHER,SPAIN, - 100% Calf Leather. Made In Spain,Y,Y,345,10,,,,,,,,,
Picture,SS26 ACCESSORIES,S126-7689 LLS036 000001 BLACK,76,N/A,ACCESSORIES,S126,7689,LLS036,000001 BLACK,ABSTRACT BUCKLE BELT,100% CALF LEATHER,ITALY, - 100% Calf Leather. Made In Italy,Y,Y,495,30,,,,,,,,,
Picture,SS26 ACCESSORIES,S126-7689 LLS036 000102 IVORY,76,N/A,ACCESSORIES,S126,7689,LLS036,000102 IVORY,ABSTRACT BUCKLE BELT,100% CALF LEATHER,ITALY, - 100% Calf Leather. Made In Italy,Y,Y,495,25,,,,,,,,,
Picture,SS26 ACCESSORIES,S126-7689 LUC006 000214 BURNT CYPRESS,76,N/A,ACCESSORIES,S126,7689,LUC006,000214 BURNT CYPRESS,ABSTRACT BUCKLE BELT,100% CALF LEATHER,ITALY, - 100% Calf Leather. Made In Italy,Y,Y,495,25,,,,,,,,,
Picture,SS26 ACCESSORIES,S126-7690 ELP013 000907 PYTHON,76,N/A,ACCESSORIES,S126,7690,ELP013,000907 PYTHON,CLASSIC BUCKLE BELT,100% CALF LEATHER,SPAIN, - 100% Calf Leather. Made In Spain,Y,Y,295,8,,,,,,,,,
Picture,SS26 ACCESSORIES,S126-7690 LLS036 000001 BLACK,76,N/A,ACCESSORIES,S126,7690,LLS036,000001 BLACK,CLASSIC BUCKLE BELT,100% CALF LEATHER,SPAIN, - 100% Calf Leather. Made In Spain,Y,Y,295,25,,,,,,,,,
Picture,SS26 ACCESSORIES,S126-7690 LUC004 000265 GOLDEN OAK,76,N/A,ACCESSORIES,S126,7690,LUC004,000265 GOLDEN OAK,CLASSIC BUCKLE BELT,100% CALF LEATHER,SPAIN, - 100% Calf Leather. Made In Spain,Y,Y,295,21,,,,,,,,,
Picture,SS26 ACCESSORIES,S126-7691 LLS036 000001 BLACK,76,N/A,ACCESSORIES,S126,7691,LLS036,000001 BLACK,ELONGATED STUDDED BUCKLE BELT,100% CALF LEATHER,ITALY, - 100% Calf Leather. Made In Italy,Y,Y,345,30,,,,,,,,,
Picture,SS26 ACCESSORIES,S126-7691 LLS036 000257 SADDLE,76,N/A,ACCESSORIES,S126,7691,LLS036,000257 SADDLE,ELONGATED STUDDED BUCKLE BELT,100% CALF LEATHER,ITALY, - 100% Calf Leather. Made In Italy,Y,Y,345,30,,,,,,,,,
Picture,SS26 ACCESSORIES,S126-7691 LUC006 000214 BURNT CYPRESS,76,N/A,ACCESSORIES,S126,7691,LUC006,000214 BURNT CYPRESS,ELONGATED STUDDED BUCKLE BELT,100% CALF LEATHER,ITALY, - 100% Calf Leather. Made In Italy,Y,Y,345,21,,,,,,,,,
Picture,SS26 ACCESSORIES,S126-7692 LLS036 000001 BLACK,76,N/A,ACCESSORIES,S126,7692,LLS036,000001 BLACK,ORGANIC BUCKLE BELT,100% CALF LEATHER,ITALY, - 100% Calf Leather. Made In Italy,Y,Y,395,30,,,,,,,,,
Picture,SS26 ACCESSORIES,S126-7692 LLS036 000182 TAHINI,76,N/A,ACCESSORIES,S126,7692,LLS036,000182 TAHINI,ORGANIC BUCKLE BELT,100% CALF LEATHER,ITALY, - 100% Calf Leather. Made In Italy,Y,Y,395,21,,,,,,,,,
Picture,SS26 ACCESSORIES,S126-7694 LLS036 000001 BLACK,76,N/A,ACCESSORIES,S126,7694,LLS036,000001 BLACK,LOQUETTE BELT,100% CALF LEATHER,SPAIN, - 100% Calf Leather. Made In Spain,Y,Y,495,16,,,,,,,,,
Picture,SS26 ACCESSORIES,S126-7695 LLS036 000001 BLACK,76,N/A,ACCESSORIES,S126,7695,LLS036,000001 BLACK,WESTERN BOHO BELT,100% CALF LEATHER,SPAIN, - 100% Calf Leather. Made In Spain,Y,Y,395,20,,,,,,,,,
Picture,SS26 ACCESSORIES,S126-7695 LLS036 000206 PRALINE,76,N/A,ACCESSORIES,S126,7695,LLS036,000206 PRALINE,WESTERN BOHO BELT,100% CALF LEATHER,SPAIN, - 100% Calf Leather. Made In Spain,Y,Y,395,20,,,,,,,,,
Picture,SS26 READY TO WEAR,S126-8102 KWS089 000258 TOFFEE,8,81,READY TO WEAR,S126,8102,KWS089,000258 TOFFEE,CONROY JACKET,39% WOOL 22% ALPACA 25%ACRYLIC 13%NYLON 1%SPANDEX,"CHINA, PEOPLE'S REPUBLIC OF", - 39% Wool 22% Alpaca 25%Acrylic 13%Nylon 1%Spandex,Y,Y,995,20,,,,,,,,,
Picture,SS26 READY TO WEAR,S126-8102 KWS089 000406 BERRY BLUE,8,81,READY TO WEAR,S126,8102,KWS089,000406 BERRY BLUE,CONROY JACKET,39% WOOL 22% ALPACA 25%ACRYLIC 13%NYLON 1%SPANDEX,"CHINA, PEOPLE'S REPUBLIC OF", - 39% Wool 22% Alpaca 25%Acrylic 13%Nylon 1%Spandex,Y,Y,995,20,,,,,,,,,
Picture,SS26 READY TO WEAR,S126-8103 KWM014 000181 BONE MELANGE,8,81,READY TO WEAR,S126,8103,KWM014,000181 BONE MELANGE,LLEWELLYN JACKET,100% EXTRAFINE MERINO WOOL,"CHINA, PEOPLE'S REPUBLIC OF", - 100% Extrafine Merino Wool,Y,Y,1495,25,,,,,,,,,
Picture,SS26 READY TO WEAR,S126-8103 KWM014 000406 BERRY BLUE,8,81,READY TO WEAR,S126,8103,KWM014,000406 BERRY BLUE,LLEWELLYN JACKET,100% EXTRAFINE MERINO WOOL,"CHINA, PEOPLE'S REPUBLIC OF", - 100% Extrafine Merino Wool,Y,Y,1495,18,,,,,,,,,
Picture,SS26 READY TO WEAR,S126-8315 KYS071 000001 BLACK,8,83,READY TO WEAR,S126,8315,KYS071,000001 BLACK,MARIAN DRESS,100% FIBRA POLIAMMIDICA,"CHINA, PEOPLE'S REPUBLIC OF", - 100% Fibra Poliammidica,Y,Y,1595,15,,,,,,,,,
Picture,SS26 READY TO WEAR,S126-8315 KYS071 000563 MAROON,8,83,READY TO WEAR,S126,8315,KYS071,000563 MAROON,MARIAN DRESS,100% FIBRA POLIAMMIDICA,"CHINA, PEOPLE'S REPUBLIC OF", - 100% Fibra Poliammidica,Y,Y,1595,10,,,,,,,,,
Picture,SS26 READY TO WEAR,S126-8316 KYS080 000001 BLACK,8,83,READY TO WEAR,S126,8316,KYS080,000001 BLACK,MEYER DRESS,65% VISCOSE 35% NYLON,"CHINA, PEOPLE'S REPUBLIC OF", - 65% Viscose 35% Nylon,Y,Y,995,20,,,,,,,,,
Picture,SS26 READY TO WEAR,S126-8332 KYS923 000001 BLACK,8,83,READY TO WEAR,S126,8332,KYS923,000001 BLACK,KAPLAN DRESS,100% DULL RAYON,"CHINA, PEOPLE'S REPUBLIC OF", - 100% Dull Rayon,Y,Y,1295,15,,,,,,,,,
Picture,SS26 READY TO WEAR,S126-8332 KYS923 000562 DUSTY LILAC,8,83,READY TO WEAR,S126,8332,KYS923,000562 DUSTY LILAC,KAPLAN DRESS,100% DULL RAYON,"CHINA, PEOPLE'S REPUBLIC OF", - 100% Dull Rayon,Y,Y,1295,10,,,,,,,,,
Picture,SS26 READY TO WEAR,S126-8406 KYS080 000001 BLACK,8,84,READY TO WEAR,S126,8406,KYS080,000001 BLACK,SATTERLY TOP,65% VISCOSE 35% NYLON,"CHINA, PEOPLE'S REPUBLIC OF", - 65% Viscose 35% Nylon,Y,Y,695,17,,,,,,,,,
Picture,SS26 READY TO WEAR,S126-8415 KWS083 000008 JET MELANGE,8,84,READY TO WEAR,S126,8415,KWS083,000008 JET MELANGE,BANKS TOP,78% EXTRAFINE MERINO WOOL 22% POLYAMIDE,ITALY, - 78% Extrafine Merino Wool 22% Polyamide. Made In Italy,Y,Y,595,25,,,,,,,,,
Picture,SS26 READY TO WEAR,S126-8415 KWS083 000102 IVORY,8,84,READY TO WEAR,S126,8415,KWS083,000102 IVORY,BANKS TOP,78% EXTRAFINE MERINO WOOL 22% POLYAMIDE,ITALY, - 78% Extrafine Merino Wool 22% Polyamide. Made In Italy,Y,Y,595,25,,,,,,,,,
Picture,SS26 READY TO WEAR,S126-8801 KWS081 421001 BLACK,8,88,READY TO WEAR,S126,8801,KWS081,421001 BLACK,HAMILTON SWEATER,100% LANA MERINO FINE RWS,"CHINA, PEOPLE'S REPUBLIC OF", - 100% Lana Merino Fine Rws,Y,Y,995,20,,,,,,,,,
Picture,SS26 READY TO WEAR,S126-8805 KWS083 000102 IVORY,8,88,READY TO WEAR,S126,8805,KWS083,000102 IVORY,BUCHANAN SWEATER,78% EXTRAFINE MERINO WOOL 22% POLYAMIDE,ITALY, - 78% Extrafine Merino Wool 22% Polyamide. Made In Italy,Y,Y,995,20,,,,,,,,,
Picture,SS26 READY TO WEAR,S126-8806 KWS083 000008 JET MELANGE,8,88,READY TO WEAR,S126,8806,KWS083,000008 JET MELANGE,AMORY SWEATER,78% EXTRAFINE MERINO WOOL 22% POLYAMIDE,ITALY, - 78% Extrafine Merino Wool 22% Polyamide. Made In Italy,Y,Y,995,13,,,,,,,,,
Picture,SS26 READY TO WEAR,S126-8806 KWS083 000181 BONE,8,88,READY TO WEAR,S126,8806,KWS083,000181 BONE,AMORY SWEATER,78% EXTRAFINE MERINO WOOL 22% POLYAMIDE,ITALY, - 78% Extrafine Merino Wool 22% Polyamide. Made In Italy,Y,Y,995,25,,,,,,,,,
Picture,SS26 READY TO WEAR,S126-8809 KWS022 000181 BONE MELANGE,8,88,READY TO WEAR,S126,8809,KWS022,000181 BONE MELANGE,TORO SWEATER,100% EXTRAFINE MERINO WOOL,"CHINA, PEOPLE'S REPUBLIC OF", - 100% Extrafine Merino Wool,Y,Y,1495,15,,,,,,,,,
Picture,SS26 READY TO WEAR,S126-8810 KKS818 000102 IVORY,8,88,READY TO WEAR,S126,8810,KKS818,000102 IVORY,OATES SWEATER,100% CASHMERE,HONG KONG, - 100% Cashmere,Y,Y,795,15,,,,,,,,,
Picture,SS26 READY TO WEAR,S126-8810 KKS818 000454 ASH BLUE,8,88,READY TO WEAR,S126,8810,KKS818,000454 ASH BLUE,OATES SWEATER,100% CASHMERE,HONG KONG, - 100% Cashmere,Y,Y,795,25,,,,,,,,,
Picture,SS26 READY TO WEAR,S126-8810 KKS818 000563 MAROON,8,88,READY TO WEAR,S126,8810,KKS818,000563 MAROON,OATES SWEATER,100% CASHMERE,HONG KONG, - 100% Cashmere,Y,Y,795,20,,,,,,,,,
Picture,SS26 READY TO WEAR,S126-8813 KWM014 000406 BERRY BLUE MEL,8,88,READY TO WEAR,S126,8813,KWM014,000406 BERRY BLUE MEL,PUTNEY SWEATER,100% EXTRAFINE MERINO WOOL,"CHINA, PEOPLE'S REPUBLIC OF", - 100% Extrafine Merino Wool,Y,Y,795,25,,,,,,,,,
Picture,SS26 READY TO WEAR,S126-8813 KWM014 000454 ASH BLUE MEL,8,88,READY TO WEAR,S126,8813,KWM014,000454 ASH BLUE MEL,PUTNEY SWEATER,100% EXTRAFINE MERINO WOOL,"CHINA, PEOPLE'S REPUBLIC OF", - 100% Extrafine Merino Wool,Y,Y,795,25,,,,,,,,,
Picture,SS26 READY TO WEAR,S126-8816 KWS090 000236 CAMEL,8,88,READY TO WEAR,S126,8816,KWS090,000236 CAMEL,TATE SWEATER,90% WOOL 10% CASHMERE,HONG KONG, - 90% Wool 10% Cashmere,Y,Y,895,22,,,,,,,,,
Picture,SS26 READY TO WEAR,S126-8816 KWS090 000399 SMOKE PINE,8,88,READY TO WEAR,S126,8816,KWS090,000399 SMOKE PINE,TATE SWEATER,90% WOOL 10% CASHMERE,HONG KONG, - 90% Wool 10% Cashmere,Y,Y,895,25,,,,,,,,,
Picture,SS26 READY TO WEAR,S126-8816 KWS090 000406 BERRY BLUE,8,88,READY TO WEAR,S126,8816,KWS090,000406 BERRY BLUE,TATE SWEATER,90% WOOL 10% CASHMERE,HONG KONG, - 90% Wool 10% Cashmere,Y,Y,895,25,,,,,,,,,
Picture,SS26 READY TO WEAR,S126-8817 KWS059 419008 JET MELANGE,8,88,READY TO WEAR,S126,8817,KWS059,419008 JET MELANGE,SAYLE SWEATER,70% WOOL 30% CASHMERE,HONG KONG, - 70% Wool 30% Cashmere,Y,Y,995,25,,,,,,,,,
Picture,SS26 READY TO WEAR,S126-8817 KWS059 419406 BERRY BLUE,8,88,READY TO WEAR,S126,8817,KWS059,419406 BERRY BLUE,SAYLE SWEATER,70% WOOL 30% CASHMERE,HONG KONG, - 70% Wool 30% Cashmere,Y,Y,995,10,,,,,,,,,
Picture,SS26 READY TO WEAR,S126-8825 KYS071 000001 BLACK,8,88,READY TO WEAR,S126,8825,KYS071,000001 BLACK,TAYLOR SWEATER,100% FIBRA POLIAMMIDICA,"CHINA, PEOPLE'S REPUBLIC OF", - 100% Fibra Poliammidica,Y,Y,995,15,,,,,,,,,
Picture,SS26 READY TO WEAR,S126-8825 KYS071 000563 MAROON,8,88,READY TO WEAR,S126,8825,KYS071,000563 MAROON,TAYLOR SWEATER,100% FIBRA POLIAMMIDICA,"CHINA, PEOPLE'S REPUBLIC OF", - 100% Fibra Poliammidica,Y,Y,995,15,,,,,,,,,
Picture,SS26 READY TO WEAR,S126-8826 KYS071 000001 BLACK,8,88,READY TO WEAR,S126,8826,KYS071,000001 BLACK,LEAR SWEATER,100% FIBRA POLIAMMIDICA,"CHINA, PEOPLE'S REPUBLIC OF", - 100% Fibra Poliammidica,Y,Y,995,20,,,,,,,,,
Picture,SS26 READY TO WEAR,S126-8826 KYS071 000563 MAROON,8,88,READY TO WEAR,S126,8826,KYS071,000563 MAROON,LEAR SWEATER,100% FIBRA POLIAMMIDICA,"CHINA, PEOPLE'S REPUBLIC OF", - 100% Fibra Poliammidica,Y,Y,995,18,,,,,,,,,
Picture,SS26 READY TO WEAR,S126-8830 KWS068 000102 IVORY,8,88,READY TO WEAR,S126,8830,KWS068,000102 IVORY,THEA SWEATER,50% EXTRAFINE MERINO WOOL 20% ALPACA 30% POLYAMIDE,ITALY, - 50% Extrafine Merino Wool 20% Alpaca 30% Polyamide. Made In Italy,Y,Y,695,6,,,,,,,,,
Picture,SS26 READY TO WEAR,S126-8830 KWS068 000406 BERRY BLUE,8,88,READY TO WEAR,S126,8830,KWS068,000406 BERRY BLUE,THEA SWEATER,50% EXTRAFINE MERINO WOOL 20% ALPACA 30% POLYAMIDE,ITALY, - 50% Extrafine Merino Wool 20% Alpaca 30% Polyamide. Made In Italy,Y,Y,695,5,,,,,,,,,
Picture,SS26 READY TO WEAR,S126-8830 KWS068 000689 PALE BLUSH,8,88,READY TO WEAR,S126,8830,KWS068,000689 PALE BLUSH,THEA SWEATER,50% EXTRAFINE MERINO WOOL 20% ALPACA 30% POLYAMIDE,ITALY, - 50% Extrafine Merino Wool 20% Alpaca 30% Polyamide. Made In Italy,Y,Y,695,6,,,,,,,,,
Picture,SS26 READY TO WEAR,S126-8832 KWS054 000001 BLACK,8,88,READY TO WEAR,S126,8832,KWS054,000001 BLACK,HAROLD SWEATER,100% VIRGIN WOOL,"CHINA, PEOPLE'S REPUBLIC OF", - 100% Virgin Wool,Y,Y,995,40,,,,,,,,,
Picture,SS26 READY TO WEAR,S126-8832 KWS054 000398 DESERT SAGE,8,88,READY TO WEAR,S126,8832,KWS054,000398 DESERT SAGE,HAROLD SWEATER,100% VIRGIN WOOL,"CHINA, PEOPLE'S REPUBLIC OF", - 100% Virgin Wool,Y,Y,995,40,,,,,,,,,
Picture,SS26 READY TO WEAR,S126-8833 KCS042 351258 TOFFEE,8,88,READY TO WEAR,S126,8833,KCS042,351258 TOFFEE,MARTY SWEATER,100% MERCERISED COTTON MAKO,"CHINA, PEOPLE'S REPUBLIC OF", - 100% Mercerised Cotton Mako,Y,Y,895,26,,,,,,,,,
Picture,SS26 READY TO WEAR,S126-8833 KCS042 351406 BERRY BLUE,8,88,READY TO WEAR,S126,8833,KCS042,351406 BERRY BLUE,MARTY SWEATER,100% MERCERISED COTTON MAKO,"CHINA, PEOPLE'S REPUBLIC OF", - 100% Mercerised Cotton Mako,Y,Y,895,15,,,,,,,,,
Picture,SS26 READY TO WEAR,S126-8834 KWS068 000102 IVORY,8,88,READY TO WEAR,S126,8834,KWS068,000102 IVORY,TY SWEATER,50% EXTRAFINE MERINO WOOL 20% ALPACA 30% POLYAMIDE,ITALY, - 50% Extrafine Merino Wool 20% Alpaca 30% Polyamide. Made In Italy,Y,Y,495,6,,,,,,,,,
Picture,SS26 READY TO WEAR,S126-8834 KWS068 000406 BERRY BLUE,8,88,READY TO WEAR,S126,8834,KWS068,000406 BERRY BLUE,TY SWEATER,50% EXTRAFINE MERINO WOOL 20% ALPACA 30% POLYAMIDE,ITALY, - 50% Extrafine Merino Wool 20% Alpaca 30% Polyamide. Made In Italy,Y,Y,495,5,,,,,,,,,
Picture,SS26 READY TO WEAR,S126-8834 KWS068 000689 PALE BLUSH,8,88,READY TO WEAR,S126,8834,KWS068,000689 PALE BLUSH,TY SWEATER,50% EXTRAFINE MERINO WOOL 20% ALPACA 30% POLYAMIDE,ITALY, - 50% Extrafine Merino Wool 20% Alpaca 30% Polyamide. Made In Italy,Y,Y,495,6,,,,,,,,,
Picture,SS26 READY TO WEAR,S126-8835 KCS018 000067 STORM,8,88,READY TO WEAR,S126,8835,KCS018,000067 STORM,POGO SWEATER,67% COTTON 33% POLYAMIDE,ITALY, - 67% Cotton 33% Polyamide. Made In Italy,Y,N,595,40,,,,,,,,,
Picture,SS26 READY TO WEAR,S126-8835 KCS018 000102 IVORY,8,88,READY TO WEAR,S126,8835,KCS018,000102 IVORY,POGO SWEATER,67% COTTON 33% POLYAMIDE,ITALY, - 67% Cotton 33% Polyamide. Made In Italy,Y,Y,595,40,,,,,,,,,
Picture,SS26 READY TO WEAR,S126-8835 KCS018 000406 BERRY BLUE,8,88,READY TO WEAR,S126,8835,KCS018,000406 BERRY BLUE,POGO SWEATER,67% COTTON 33% POLYAMIDE,ITALY, - 67% Cotton 33% Polyamide. Made In Italy,Y,Y,595,40,,,,,,,,,
Picture,SS26 READY TO WEAR,S226-2003 AIM001 000479 MIDNIGHT MELANGE,2,N/A,READY TO WEAR,S226,2003,AIM001,000479 MIDNIGHT MELANGE,FENICE JACKET,#N/A,ITALY,,0,N,1895,25,,,,,,,,,
Picture,SS26 READY TO WEAR,S226-2003 AIQ003 000147 MORTAR MELANGE,2,N/A,READY TO WEAR,S226,2003,AIQ003,000147 MORTAR MELANGE,FENICE JACKET,#N/A,ITALY,,Y,N,1895,15,,,,,,,,,
Picture,SS26 READY TO WEAR,S226-2003 AWQ015 000182 TAHINI MELANGE,2,N/A,READY TO WEAR,S226,2003,AWQ015,000182 TAHINI MELANGE,FENICE JACKET,#N/A,ITALY,,Y,Y,1895,15,,,,,,,,,
Picture,SS26 READY TO WEAR,S226-2005 AIS005 000400 NAVY,2,N/A,READY TO WEAR,S226,2005,AIS005,000400 NAVY,INDIANA JACKET,#N/A,ITALY,,Y,N,1995,10,,,,,,,,,
Picture,SS26 READY TO WEAR,S226-3001 SCP015 416102 IVORY ALLOVER PETALS,3,N/A,READY TO WEAR,S226,3001,SCP015,416102 IVORY ALLOVER PETALS,LYDIA DRESS,#N/A,PORTUGAL,,Y,N,1495,20,,,,,,,,,
Picture,SS26 READY TO WEAR,S226-3004 SCP015 416689 PALE BLUSH AO PETALS,3,N/A,READY TO WEAR,S226,3004,SCP015,416689 PALE BLUSH AO PETALS,PAULINA DRESS,#N/A,PORTUGAL,,N,N,1495,20,,,,,,,,,
Picture,SS26 READY TO WEAR,S226-3007 BYS084 000102 IVORY,3,N/A,READY TO WEAR,S226,3007,BYS084,000102 IVORY,DORA DRESS,#N/A,ITALY,,Y,N,2995,5,,,,,,,,,
Picture,SS26 READY TO WEAR,S226-3008 SCQ015 374484 AZURE STRIPE,3,N/A,READY TO WEAR,S226,3008,SCQ015,374484 AZURE STRIPE,FLOYD DRESS,#N/A,ITALY,,Y,Y,1495,15,,,,,,,,,
Picture,SS26 READY TO WEAR,S226-3010 BSP032 414001 BLACK LILY,3,N/A,READY TO WEAR,S226,3010,BSP032,414001 BLACK LILY,DAISY DRESS,#N/A,ITALY,,0,Y,2595,30,,,,,,,,,
Picture,SS26 READY TO WEAR,S226-3019 BSP024 416563 MAROON ALLOVER PETALS,3,N/A,READY TO WEAR,S226,3019,BSP024,416563 MAROON ALLOVER PETALS,KIERA DRESS,#N/A,ITALY,,Y,N,1595,25,,,,,,,,,
Picture,SS26 READY TO WEAR,S226-3022 AIS005 000400 NAVY,3,N/A,READY TO WEAR,S226,3022,AIS005,000400 NAVY,ORRIE DRESS,#N/A,ITALY,,Y,N,1595,30,,,,,,,,,
Picture,SS26 READY TO WEAR,S226-3024 SCP015 416689 PALE BLUSH PETALS,3,N/A,READY TO WEAR,S226,3024,SCP015,416689 PALE BLUSH PETALS,NADJA DRESS,#N/A,ITALY,,Y,Y,1995,20,,,,,,,,,
Picture,SS26 READY TO WEAR,S226-3030 BSP024 413067 STORM TULIP,3,N/A,READY TO WEAR,S226,3030,BSP024,413067 STORM TULIP,NOORI DRESS,#N/A,ITALY,,Y,Y,2495,15,,,,,,,,,
Picture,SS26 READY TO WEAR,S226-3034 BSP024 415067 STORM PETALS,3,N/A,READY TO WEAR,S226,3034,BSP024,415067 STORM PETALS,CHERIE DRESS,#N/A,ITALY,,Y,Y,2495,16,,,,,,,,,
Picture,SS26 READY TO WEAR,S226-3035 BSP024 416067 STORM ALLOVER PETALS,3,N/A,READY TO WEAR,S226,3035,BSP024,416067 STORM ALLOVER PETALS,KIRSTY DRESS,#N/A,ITALY,,Y,Y,1895,10,,,,,,,,,
Picture,SS26 READY TO WEAR,S226-4010 DCS021 000403 INDIGO,4,N/A,READY TO WEAR,S226,4010,DCS021,000403 INDIGO,MARGOT TOP,#N/A,ITALY,,Y,Y,895,30,,,,,,,,,
Picture,SS26 READY TO WEAR,S226-4013 BSP024 416067 STORM PETALS,4,N/A,READY TO WEAR,S226,4013,BSP024,416067 STORM PETALS,MAGEE TOP,#N/A,PORTUGAL,,Y,Y,895,20,,,,,,,,,
Picture,SS26 READY TO WEAR,S226-4015 BSP024 416102 IVORY ALLOVER PETALS,4,N/A,READY TO WEAR,S226,4015,BSP024,416102 IVORY ALLOVER PETALS,CHIKA TOP,#N/A,PORTUGAL,,Y,Y,895,20,,,,,,,,,
Picture,SS26 READY TO WEAR,S226-4015 BSP024 416563 MAROON ALLOVER PETALS,4,N/A,READY TO WEAR,S226,4015,BSP024,416563 MAROON ALLOVER PETALS,CHIKA TOP,#N/A,PORTUGAL,,N,N,895,15,,,,,,,,,
Picture,SS26 READY TO WEAR,S226-4015 BSS033 000172 TAPIOCA,4,N/A,READY TO WEAR,S226,4015,BSS033,000172 TAPIOCA,CHIKA TOP,#N/A,PORTUGAL,,Y,N,1095,20,,,,,,,,,
Picture,SS26 READY TO WEAR,S226-4016 SCP015 416102 IVORY ALLOVER PETALS,4,N/A,READY TO WEAR,S226,4016,SCP015,416102 IVORY ALLOVER PETALS,SIGGI TOP,#N/A,ITALY,,Y,Y,1195,20,,,,,,,,,
Picture,SS26 READY TO WEAR,S226-5003 BYP050 416067 STORM PETALS,5,N/A,READY TO WEAR,S226,5003,BYP050,416067 STORM PETALS,MONTI SKIRT,#N/A,ITALY,,Y,Y,1595,25,,,,,,,,,
Picture,SS26 READY TO WEAR,S226-5017 SCP015 416102 IVORY PETALS,5,N/A,READY TO WEAR,S226,5017,SCP015,416102 IVORY PETALS,LINNIE SKIRT,#N/A,ITALY,,Y,Y,1495,23,,,,,,,,,
Picture,SS26 READY TO WEAR,S226-6003 AWS016 000182 TAHINI,6,N/A,READY TO WEAR,S226,6003,AWS016,000182 TAHINI,CHAPMAN PANT,#N/A,ITALY,,Y,N,1495,5,,,,,,,,,
Picture,SS26 READY TO WEAR,S226-6003 AWS680 000001 BLACK,6,N/A,READY TO WEAR,S226,6003,AWS680,000001 BLACK,CHAPMAN PANT,#N/A,ITALY,,Y,N,1495,5,,,,,,,,,
Picture,SS26 READY TO WEAR,S226-6007 AIM001 000479 MIDNIGHT MELANGE,6,N/A,READY TO WEAR,S226,6007,AIM001,000479 MIDNIGHT MELANGE,DASH PANT,#N/A,ITALY,,Y,Y,995,15,,,,,,,,,
Picture,SS26 READY TO WEAR,S226-6007 AIQ003 000147 MORTAR MELANGE,6,N/A,READY TO WEAR,S226,6007,AIQ003,000147 MORTAR MELANGE,DASH PANT,#N/A,ITALY,,Y,N,995,10,,,,,,,,,
Picture,SS26 READY TO WEAR,S226-6014 AIM001 000479 MIDNIGHT MELANGE,6,N/A,READY TO WEAR,S226,6014,AIM001,000479 MIDNIGHT MELANGE,FOSSETT PANT,#N/A,ITALY,,Y,N,995,20,,,,,,,,,
Picture,SS26 READY TO WEAR,S226-6014 AIQ003 000147 MORTAR MELANGE,6,N/A,READY TO WEAR,S226,6014,AIQ003,000147 MORTAR MELANGE,FOSSETT PANT,#N/A,ITALY,,Y,N,995,15,,,,,,,,,
Picture,SS26 READY TO WEAR,S226-6014 AWQ015 000182 TAHINI MELANGE,6,N/A,READY TO WEAR,S226,6014,AWQ015,000182 TAHINI MELANGE,FOSSETT PANT,#N/A,ITALY,,Y,Y,995,15,,,,,,,,,
Picture,SS26 READY TO WEAR,S226-6022 AIS005 000400 NAVY,6,N/A,READY TO WEAR,S226,6022,AIS005,000400 NAVY,TODD PANT,#N/A,ITALY,,Y,Y,895,15,,,,,,,,,
Picture,SS26 HANDBAGS,S226-7155 STS002 000122 MOUTON,71,N/A,HANDBAGS,S226,7155,STS002,000122 MOUTON,KNOT BASKET SMALL,#N/A,SPAIN,,0,N,695,16,,,,,,,,,
Picture,SS26 HANDBAGS,S226-7155 STS007 381001 BLACK/SILVER,71,N/A,HANDBAGS,S226,7155,STS007,381001 BLACK/SILVER,KNOT BASKET SMALL,#N/A,SPAIN,,Y,N,695,20,,,,,,,,,
,SS26 HANDBAGS,S226-7157 STS002 000122 MOUTON,71,N/A,HANDBAGS,S226,7157,STS002,000122 MOUTON,BASKET CLUTCH,#N/A,SPAIN,,0,N,595,7,,,,,,,,,
Picture,SS26 HANDBAGS,S226-7157 STS002 000689 PALE BLUSH,71,N/A,HANDBAGS,S226,7157,STS002,000689 PALE BLUSH,BASKET CLUTCH,#N/A,SPAIN,,Y,Y,595,7,,,,,,,,,
Picture,SS26 HANDBAGS,S226-7157 STS007 381182 TAHINI/SILVER,71,N/A,HANDBAGS,S226,7157,STS007,381182 TAHINI/SILVER,BASKET CLUTCH,#N/A,SPAIN,,Y,Y,595,13,,,,,,,,,
Picture,SS26 HANDBAGS,S226-7159 STS007 381001 BLACK/SILVER,71,N/A,HANDBAGS,S226,7159,STS007,381001 BLACK/SILVER,KNOT BASKET CROSSBODY,#N/A,SPAIN,,Y,Y,595,12,,,,,,,,,
Picture,SS26 HANDBAGS,S226-7165 STS002 000414 DANUBE,71,N/A,HANDBAGS,S226,7165,STS002,000414 DANUBE,KNOT BASKET SMALL LONG HANDLE,#N/A,SPAIN,,0,Y,695,8,,,,,,,,,
Picture,SS26 HANDBAGS,S226-7168 ELP013 000907 PYTHON,71,N/A,HANDBAGS,S226,7168,ELP013,000907 PYTHON,LOQUETTE FLAP BAG,#N/A,SPAIN,,Y,Y,995,5,,,,,,,,,
Picture,SS26 HANDBAGS,S226-7168 LLS061 000001 BLACK,71,N/A,HANDBAGS,S226,7168,LLS061,000001 BLACK,LOQUETTE FLAP BAG,#N/A,SPAIN,,Y,Y,995,10,,,,,,,,,
Picture,SS26 READY TO WEAR,S226-8301 KCS049 000001 BLACK,8,83,READY TO WEAR,S226,8301,KCS049,000001 BLACK,ARP DRESS,#N/A,ITALY,,Y,Y,995,10,,,,,,,,,
Picture,SS26 READY TO WEAR,S226-8301 KCS049 000258 TOFFEE,8,83,READY TO WEAR,S226,8301,KCS049,000258 TOFFEE,ARP DRESS,#N/A,ITALY,,Y,N,995,12,,,,,,,,,
Picture,SS26 READY TO WEAR,S226-8307 KYS081 000001 BLACK,8,83,READY TO WEAR,S226,8307,KYS081,000001 BLACK,WINNIE DRESS,#N/A,"CHINA, PEOPLE'S REPUBLIC OF",,Y,Y,995,15,,,,,,,,,
Picture,SS26 READY TO WEAR,S226-8307 KYS081 000649 HOLLY RED,8,83,READY TO WEAR,S226,8307,KYS081,000649 HOLLY RED,WINNIE DRESS,#N/A,"CHINA, PEOPLE'S REPUBLIC OF",,Y,N,995,15,,,,,,,,,
Picture,SS26 READY TO WEAR,S226-8308 KYS078 000102 IVORY,8,83,READY TO WEAR,S226,8308,KYS078,000102 IVORY,PENROSE DRESS,#N/A,"CHINA, PEOPLE'S REPUBLIC OF",,Y,N,1695,5,,,,,,,,,
Picture,SS26 READY TO WEAR,S226-8309 KYS078 000689 PALE BLUSH,8,83,READY TO WEAR,S226,8309,KYS078,000689 PALE BLUSH,WELLS DRESS,#N/A,"CHINA, PEOPLE'S REPUBLIC OF",,Y,Y,1695,10,,,,,,,,,
Picture,SS26 READY TO WEAR,S226-8322 KYS078 000001 BLACK,8,83,READY TO WEAR,S226,8322,KYS078,000001 BLACK,WOOLFE DRESS,#N/A,"CHINA, PEOPLE'S REPUBLIC OF",,Y,N,1495,25,,,,,,,,,
Picture,SS26 READY TO WEAR,S226-8401 KYS078 000001 BLACK,8,84,READY TO WEAR,S226,8401,KYS078,000001 BLACK,ERIK TOP,#N/A,"CHINA, PEOPLE'S REPUBLIC OF",,Y,N,695,10,,,,,,,,,
Picture,SS26 READY TO WEAR,S226-8807 KCS049 000001 BLACK,8,88,READY TO WEAR,S226,8807,KCS049,000001 BLACK,CLAY SWEATER,#N/A,ITALY,,Y,Y,595,25,,,,,,,,,
Picture,SS26 READY TO WEAR,S226-8807 KCS049 000398 DESERT SAGE,8,88,READY TO WEAR,S226,8807,KCS049,000398 DESERT SAGE,CLAY SWEATER,#N/A,ITALY,,Y,N,595,25,,,,,,,,,
Picture,SS26 READY TO WEAR,S226-8808 KCS049 000001 BLACK,8,88,READY TO WEAR,S226,8808,KCS049,000001 BLACK,MADDOX SWEATER,#N/A,ITALY,,Y,Y,895,26,,,,,,,,,
Picture,SS26 READY TO WEAR,S226-8808 KCS049 000258 TOFFEE,8,88,READY TO WEAR,S226,8808,KCS049,000258 TOFFEE,MADDOX SWEATER,#N/A,ITALY,,Y,N,895,23,,,,,,,,,
Picture,SS26 READY TO WEAR,S326-3007 BYS084 000001 BLACK,3,N/A,READY TO WEAR,S326,3007,BYS084,000001 BLACK,DORA DRESS,#N/A,ITALY,,#N/A,N,2995,5,,,,,,,,,
Picture,SS26 READY TO WEAR,S326-3031 BSS040 000396 FROSTED TEA,3,N/A,READY TO WEAR,S326,3031,BSS040,000396 FROSTED TEA,MURIEL DRESS,#N/A,ITALY,,#N/A,N,2495,3,,,,,,,,,
